 63-Eu-151  ENDF/B-VII.1 Processed by Red Cullen using PREPRO2012 7100 0  0    0
 63151.0000 149.620000          2          0          0          16325 1451    1
 0.0        0.0                 0          0          0          66325 1451    2
 1.00000000 20000000.0          1          0         10          76325 1451    3
 1200000.00 0.0                 1          0        131         476325 1451    4
 63-Eu-151 CNDC,BNL   EVAL-JAN05 Ge+, Mughabghab                  6325 1451    5
                      DIST-DEC06                       20111222   6325 1451    6
----ENDF/B-VII.1      MATERIAL 6325                               6325 1451    7
-----INCIDENT NEUTRON DATA                                        6325 1451    8
------ENDF-6 FORMAT                                               6325 1451    9
                                                                  6325 1451   10
 ==============================================================   6325 1451   11
         File produced by WPEC Subgroup 23 in 2004-2005           6325 1451   12
 - WPEC: NEA Working Party on Evaluation Cooperation              6325 1451   13
 - SG23: International library of fission product evaluations     6325 1451   14
                                                                  6325 1451   15
                                                                  6325 1451   16
 File obtained by introducing resonace parameters of ENDF/B-VI  &&6325 1451   17
 library into CENDL-3.0 evaluation converted by NNDC            &&6325 1451   18
 - Resolved Resonances (MLBW)         < 100 eV    : Ref.1       &&6325 1451   19
 - Unresolved Resonances      100eV - 100. keV    : JENDL-3.3   &&6325 1451   20
 - Fast neutron region              > 100. keV    : CENDL-3.0   &&6325 1451   21
                                                                &&6325 1451   22
 Comments regarding merging:                                    &&6325 1451   23
 - JENDL-3.3 backgrounds in resonance region were adopted.      &&6325 1451   24
                                                                &&6325 1451   25
 Calculated thermal cross sections & resonance integrals:       &&6325 1451   26
      ---------------------------------------------             &&6325 1451   27
      Reaction       Cross section    Res. integral             &&6325 1451   28
                        (barn)           (barn)                 &&6325 1451   29
      Total           9.2055E+03            -                   &&6325 1451   30
      Elastic         4.7185E+00            -                   &&6325 1451   31
      Capture         9.2007E+03         3.25E+03               &&6325 1451   32
      ---------------------------------------------             &&6325 1451   33
                                                                  6325 1451   34
 Reference:                                                       6325 1451   35
 1) S.F.Mughabghab: Atlas of Neutron Resonances, to be            6325 1451   36
    published by Elsevier, 2006 (5-th edition of BNL-325)         6325 1451   37
                                                                  6325 1451   38
 ==============================================================   6325 1451   39
                                                                  6325 1451   40
HISTORY                                                           6325 1451   41
99-01 CALCULATION FOR CENDL-3 WAS MADE BY ZHIGANG GE(CNDC)/1/,    6325 1451   42
      THE DWBA CODE DWUCK4 WAS USED TO CALCULATE THE DIRECT       6325 1451   43
      INELASTIC SCATTERING, AND TAKEN AS THE INPUT DATA OF        6325 1451   44
      THE KERNEL PROGRAM SUNF/2/.                                 6325 1451   45
99-01 EVALUATION FOR CENDL-3 WAS MADE BY YOUXIANG ZHUANG(CNDC).   6325 1451   46
01-09 REVISION WAS MADE BY QING-BIAO SHEN (CNDC)                  6325 1451   47
                                                                  6325 1451   48
MF = 1  GENERAL INFORMATION                                       6325 1451   49
  MT=451 COMMENTS AND DICTIONARY                                  6325 1451   50
                                                                  6325 1451   51
MF = 2  RESONANCE PARAMETERS                                      6325 1451   52
  MT=151 RESOLVED AND UNRESOLVED RESONANCE PARAMETERS             6325 1451   53
  RESOLVED RESONANCE REGION (MLBW FORMULA) : BELOW 0.0982 KEV     6325 1451   54
    RESONANCE PARAMETERS WERE TAKEN FROM JENDL-3.2.               6325 1451   55
                                                                  6325 1451   56
  UNRESOLVED RESONANCE REGION : 0.0982 KEV - 100 KEV              6325 1451   57
    UNRESOLVED RESONANCE PARAMETERS WERE TAKEN FROM JENDL-3.2.    6325 1451   58
                                                                  6325 1451   59
  CALCULATED 2200-M/S CROSS SECTIONS AND RES. INTEGRALS (BARNS)   6325 1451   60
                     2200 M/S               RES. INTEG.           6325 1451   61
      TOTAL        9201                        -                  6325 1451   62
      ELASTIC         3.207                    -                  6325 1451   63
      CAPTURE      9198                      3054                 6325 1451   64
     (N,ALPHA)        8.806E-06                                   6325 1451   65
                                                                  6325 1451   66
MF = 3  NEUTRON CROSS SECTIONS                                    6325 1451   67
  BELOW 100 KEV, RESONANCE PARAMETERS WERE GIVEN.                 6325 1451   68
  ABOVE 100 KEV, THEORETICAL CALCULATION/1/ WAS ADOPTED.          6325 1451   69
                                                                  6325 1451   70
  MT = 1  TOTAL                                                   6325 1451   71
                                                                  6325 1451   72
  MT = 2  ELASTIC SCATTERING                                      6325 1451   73
                                                                  6325 1451   74
  MT = 4, 51-60, 91  INELASTIC SCATTERING                         6325 1451   75
                                                                  6325 1451   76
  MT = 102  CAPTURE                                               6325 1451   77
                                                                  6325 1451   78
  MT=16, 17, 22, 28, 103, 104, 105, 106, 107  (N,2N), (N,3N),     6325 1451   79
     (N,NA), (N,NP), (N,P), (N,D), (N,T), (N,HE3) AND (N,A)       6325 1451   80
     CROSS SECTIONS                                               6325 1451   81
                                                                  6325 1451   82
MF = 4  ANGULAR DISTRIBUTIONS OF SECONDARY NEUTRONS               6325 1451   83
  THEORETICAL CALCULATION/1/ WAS ADOPTED.                         6325 1451   84
                                                                  6325 1451   85
MF = 5  ENERGY DISTRIBUTIONS OF SECONDARY NEUTRONS                6325 1451   86
  THEORETICAL CALCULATION/1/ WAS ADOPTED.                         6325 1451   87
                                                                  6325 1451   88
REFERENCES                                                        6325 1451   89
 1) ZHIGANG GE, TO BE PUBLISHED IN <<COMMUNICATION OF NUCLEAR     6325 1451   90
    DATA PROGRESS>>.                                              6325 1451   91
 2) JINGSHANG ZHANG: SUNF, A CODE FOR COMPREHENSIVE CALCULATIONS  6325 1451   92
    OF FISSION PRODUCT NUCLEUS BASED ON UNIFIED MODEL, CNDC, CIAE,6325 1451   93
    (UNPUBLISHED).                                                6325 1451   94
                                                                  6325 1451   95
 ***************** Program LINEAR (VERSION 2012-1) ***************6325 1451   96
 For All Data Greater than 1.0000E-10 barns in Absolute Value     6325 1451   97
 Data Linearized to Within an Accuracy of .010000000 per-cent     6325 1451   98
 ***************** Program RECENT (VERSION 2012-1) ***************6325 1451   99
 For All Data Greater than 1.0000E-10 barns in Absolute Value     6325 1451  100
 Data Linearized Using Energy Dependent Uncertainty               6325 1451  101
      Energy    Accuracy                                          6325 1451  102
        (eV)  (per-cent)                                          6325 1451  103
 ----------- -----------                                          6325 1451  104
  1.00000000  .010000000                                          6325 1451  105
  2.00000000  .100000000                                          6325 1451  106
 ***************** Program SIGMA1 (VERSION 2012-1) ***************6325 1451  107
 Data Doppler Broadened to 1200.00000 Kelvin                      6325 1451  108
 For All Data Greater than 1.0000E-10 barns in Absolute Value     6325 1451  109
 Data Linearized Using Energy Dependent Uncertainty               6325 1451  110
      Energy    Accuracy                                          6325 1451  111
        (eV)  (per-cent)                                          6325 1451  112
 ----------- -----------                                          6325 1451  113
  1.00000000  .010000000                                          6325 1451  114
  2.00000000  .100000000                                          6325 1451  115
 ***************** Program SIGMA1 (VERSION 2012-1) ***************6325 1451  116
 Data Doppler Broadened to 1200000.00 Kelvin                      6325 1451  117
 For All Data Greater than 1.0000E-10 barns in Absolute Value     6325 1451  118
 Data Linearized to Within an Accuracy of .500000000 per-cent     6325 1451  119
 ***************** Program FIXUP (Version 2012-1) ****************6325 1451  120
 Corrected ZA/AWR in All Sections-----------------------------Yes 6325 1451  121
 Corrected Thresholds-----------------------------------------No  6325 1451  122
 Extended Cross Sections to 20 MeV----------------------------No  6325 1451  123
 Allow Cross Section Deletion---------------------------------No  6325 1451  124
 Allow Cross Section Reconstruction---------------------------Yes 6325 1451  125
 Make All Cross Sections Non-Negative-------------------------Yes 6325 1451  126
 Delete Energies Not in Ascending Order-----------------------Yes 6325 1451  127
 Deleted Duplicate Points-------------------------------------Yes 6325 1451  128
 Check for Ascending MAT/MF/MT Order--------------------------Yes 6325 1451  129
 Check for Legal MF/MT Numbers--------------------------------Yes 6325 1451  130
 Allow Creation of Missing Sections---------------------------Yes 6325 1451  131
 Allow Insertion of Energy Points-----------------------------No  6325 1451  132
 Uniform Energy Grid for ALL MT-------------------------------No  6325 1451  133
 Delete Section if Cross Section =0 at All Energies-----------Yes 6325 1451  134
 **************** Program DICTIN (VERSION 2012-1) ****************6325 1451  135
                                1        451        182          16325 1451  136
                                2        151        498          16325 1451  137
                                3          1        473          06325 1451  138
                                3          2         45          06325 1451  139
                                3          4        362          06325 1451  140
                                3         16          9          06325 1451  141
                                3         17          6          06325 1451  142
                                3         22          7          06325 1451  143
                                3         28          7          06325 1451  144
                                3         51         46          06325 1451  145
                                3         52         40          06325 1451  146
                                3         53         45          06325 1451  147
                                3         54         48          06325 1451  148
                                3         55         47          06325 1451  149
                                3         56         45          06325 1451  150
                                3         57         45          06325 1451  151
                                3         58         46          06325 1451  152
                                3         59         45          06325 1451  153
                                3         60         43          06325 1451  154
                                3         91         43          06325 1451  155
                                3        102         57          06325 1451  156
                                3        103         11          06325 1451  157
                                3        104          9          06325 1451  158
                                3        105          8          06325 1451  159
                                3        106          4          06325 1451  160
                                3        107         57          06325 1451  161
                                4          2        245          06325 1451  162
                                4         16         38          06325 1451  163
                                4         17         20          06325 1451  164
                                4         22         28          06325 1451  165
                                4         28         28          06325 1451  166
                                4         51        166          06325 1451  167
                                4         52         88          06325 1451  168
                                4         53         88          06325 1451  169
                                4         54         86          06325 1451  170
                                4         55         86          06325 1451  171
                                4         56         84          06325 1451  172
                                4         57         82          06325 1451  173
                                4         58         82          06325 1451  174
                                4         59         80          06325 1451  175
                                4         60         80          06325 1451  176
                                4         91         80          06325 1451  177
                                5         16        162          06325 1451  178
                                5         17         79          06325 1451  179
                                5         22        112          06325 1451  180
                                5         28        112          06325 1451  181
                                5         91        324          06325 1451  182
                                                                  6325 1  0  183
                                                                  6325 0  0  184
 63151.0000 149.620000          0          0          1          06325 2151  185
 63151.0000 1.00000000          0          0          2          06325 2151  186
 1.00000E-5 100.000000          1          2          0          06325 2151  187
 2.50000000 .790000000          0          0          1          06325 2151  188
 149.620000 0.0                 0          0        552         926325 2151  189
-.060900000 3.00000000 .105276800 7.67780E-5 .105200000 0.0       6325 2151  190
 .321000000 3.00000000 .079571400 7.14000E-5 .079500000 0.0       6325 2151  191
 .460000000 3.00000000 .087665140 6.65143E-4 .087000000 0.0       6325 2151  192
 1.05500000 3.00000000 .088193200 1.93200E-4 .088000000 0.0       6325 2151  193
 1.81500000 2.00000000 .091040800 4.08000E-5 .091000010 0.0       6325 2151  194
 2.71700000 3.00000000 .094205710 2.05714E-4 .094000000 0.0       6325 2151  195
 3.36800000 2.00000000 .095196000 .002196000 .093000000 0.0       6325 2151  196
 3.71000000 2.00000000 .093948000 9.48000E-4 .093000000 0.0       6325 2151  197
 4.79000000 2.00000000 .091180000 1.80000E-4 .091000010 0.0       6325 2151  198
 5.38000000 3.00000000 .108151700 1.51714E-4 .108000000 0.0       6325 2151  199
 5.98000000 3.00000000 .100300000 3.00000E-4 .100000000 0.0       6325 2151  200
 7.05000000 2.00000000 .091063600 6.36000E-5 .091000010 0.0       6325 2151  201
 7.29000000 3.00000000 .089885710 .001885714 .088000000 0.0       6325 2151  202
 7.44000000 3.00000000 .086628570 .001628572 .085000000 0.0       6325 2151  203
 9.07000000 2.00000000 .105248000 .001248000 .104000000 0.0       6325 2151  204
 10.4700000 2.00000000 .093484000 .002484000 .091000000 0.0       6325 2151  205
 10.9400000 3.00000000 .098565710 5.65714E-4 .098000000 0.0       6325 2151  206
 12.2300000 2.00000000 .089128000 .001128000 .088000000 0.0       6325 2151  207
 12.6400000 2.00000000 .090880000 .002880000 .088000000 0.0       6325 2151  208
 13.6600000 3.00000000 .115377100 3.77143E-4 .115000000 0.0       6325 2151  209
 14.7600000 2.00000000 .078304000 .002304000 .076000000 0.0       6325 2151  210
 15.1800000 2.00000000 .081520010 .002520000 .079000000 0.0       6325 2151  211
 17.7500000 2.00000000 .105620000 .001620000 .104000000 0.0       6325 2151  212
 19.1000000 3.00000000 .137268600 .004268572 .133000000 0.0       6325 2151  213
 21.6900000 3.00000000 .083680000 .001680000 .082000000 0.0       6325 2151  214
 22.2100000 3.00000000 .068442860 .002442857 .066000000 0.0       6325 2151  215
 22.7500000 3.00000000 .090311430 .001311429 .089000000 0.0       6325 2151  216
 24.5800000 3.00000000 .105814300 .006814286 .099000000 0.0       6325 2151  217
 25.1700000 2.00000000 .091720010 7.20000E-4 .091000010 0.0       6325 2151  218
 25.6000000 2.00000000 .089612000 6.12000E-4 .089000000 0.0       6325 2151  219
 26.7200000 2.00000000 .086400000 .008400001 .078000000 0.0       6325 2151  220
 27.4300000 3.00000000 .097540010 5.40000E-4 .097000000 0.0       6325 2151  221
 28.0900000 2.00000000 .090384010 3.84000E-4 .090000000 0.0       6325 2151  222
 29.2300000 2.00000000 .084448000 .005448000 .079000000 0.0       6325 2151  223
 30.2200000 2.00000000 .090344000 .004344000 .086000000 0.0       6325 2151  224
 30.8100000 3.00000000 .099574280 5.74286E-4 .099000000 0.0       6325 2151  225
 31.5900000 2.00000000 .099040000 .002040000 .097000000 0.0       6325 2151  226
 33.5100000 3.00000000 .091394290 3.94286E-4 .091000010 0.0       6325 2151  227
 34.5700000 3.00000000 .091300000 3.00000E-4 .091000010 0.0       6325 2151  228
 35.0500000 2.00000000 .093840000 .003840000 .090000000 0.0       6325 2151  229
 36.0900000 3.00000000 .082328570 .004328571 .078000000 0.0       6325 2151  230
 37.0100000 2.00000000 .084720000 .006720000 .078000000 0.0       6325 2151  231
 37.7800000 3.00000000 .094948570 .002948571 .092000000 0.0       6325 2151  232
 39.2000000 2.00000000 .092200000 .001200000 .091000010 0.0       6325 2151  233
 39.3700000 3.00000000 .082445720 .003445714 .079000000 0.0       6325 2151  234
 39.9400000 3.00000000 .080080000 .001080000 .079000000 0.0       6325 2151  235
 41.3500000 2.00000000 .112400000 .032400000 .080000000 0.0       6325 2151  236
 42.1200000 2.00000000 .092248010 .001248000 .091000010 0.0       6325 2151  237
 43.1900000 3.00000000 .088842850 .004842857 .084000000 0.0       6325 2151  238
 44.4300000 2.00000000 .093320000 .004320000 .089000000 0.0       6325 2151  239
 45.4200000 2.00000000 .100620000 .001620000 .099000000 0.0       6325 2151  240
 46.4100000 2.00000000 .097480000 .012480000 .085000000 0.0       6325 2151  241
 47.2400000 3.00000000 .113571400 .014571430 .099000000 0.0       6325 2151  242
 50.0400000 3.00000000 .091848570 8.48571E-4 .091000010 0.0       6325 2151  243
 50.5800000 3.00000000 .121714300 .019714290 .102000000 0.0       6325 2151  244
 52.4100000 3.00000000 .094471430 .003471429 .091000010 0.0       6325 2151  245
 52.7000000 2.00000000 .085760000 .005760001 .080000000 0.0       6325 2151  246
 53.2500000 3.00000000 .091754290 7.54286E-4 .091000010 0.0       6325 2151  247
 53.9400000 2.00000000 .093520000 .005520000 .088000000 0.0       6325 2151  248
 55.2600000 3.00000000 .099342860 .003342857 .096000000 0.0       6325 2151  249
 56.1800000 3.00000000 .101000000 .003000000 .098000000 0.0       6325 2151  250
 57.3600000 3.00000000 .099285710 .016285710 .083000000 0.0       6325 2151  251
 58.8500000 3.00000000 .113485700 .005485714 .108000000 0.0       6325 2151  252
 60.8500000 2.00000000 .102960000 .006960000 .096000000 0.0       6325 2151  253
 62.4100000 3.00000000 .089428570 .003428572 .086000000 0.0       6325 2151  254
 63.1900000 3.00000000 .102142900 .002142857 .100000000 0.0       6325 2151  255
 67.9100000 3.00000000 .115428600 .015428570 .100000000 0.0       6325 2151  256
 69.0900000 2.00000000 .092200000 .001200000 .091000010 0.0       6325 2151  257
 70.7500000 2.00000000 .083400000 .005400000 .078000000 0.0       6325 2151  258
 71.4100000 2.00000000 .091320000 .007320000 .084000000 0.0       6325 2151  259
 72.4100000 3.00000000 .094885710 .001885714 .093000000 0.0       6325 2151  260
 73.3300000 3.00000000 .092028580 .001028572 .091000010 0.0       6325 2151  261
 74.1600000 3.00000000 .092371430 .001371429 .091000010 0.0       6325 2151  262
 75.7600000 2.00000000 .095040000 .005040000 .090000000 0.0       6325 2151  263
 77.4500000 3.00000000 .106542900 .007542857 .099000000 0.0       6325 2151  264
 78.0500000 3.00000000 .091454290 4.54286E-4 .091000010 0.0       6325 2151  265
 78.6600000 3.00000000 .087571430 .014571430 .073000000 0.0       6325 2151  266
 79.5100000 3.00000000 .068714290 .004714286 .064000000 0.0       6325 2151  267
 80.2900000 2.00000000 .090840000 .009840000 .081000000 0.0       6325 2151  268
 81.0800000 3.00000000 .121571400 .020571430 .101000000 0.0       6325 2151  269
 83.0700000 3.00000000 .097828570 .002828571 .095000000 0.0       6325 2151  270
 84.0000000 2.00000000 .117000000 .018000000 .099000000 0.0       6325 2151  271
 85.6700000 3.00000000 .088114280 .004114286 .084000000 0.0       6325 2151  272
 87.7000000 2.00000000 .092560010 .001560000 .091000010 0.0       6325 2151  273
 88.6300000 3.00000000 .091942860 9.42857E-4 .091000010 0.0       6325 2151  274
 89.3400000 3.00000000 .116857100 .012857140 .104000000 0.0       6325 2151  275
 90.1800000 2.00000000 .090880000 .005880000 .085000000 0.0       6325 2151  276
 91.1300000 2.00000000 .099760000 .005760001 .094000000 0.0       6325 2151  277
 93.3600000 2.00000000 .145600000 .033600000 .112000000 0.0       6325 2151  278
 96.2900000 3.00000000 .128285700 .016285710 .112000000 0.0       6325 2151  279
 97.7000000 3.00000000 .092885720 .001885714 .091000010 0.0       6325 2151  280
 98.6100000 2.00000000 .127200000 .019200000 .108000000 0.0       6325 2151  281
 100.000000 100000.000          2          2          0          06325 2151  282
 2.50000000 .687000000          1          0          3          06325 2151  283
 149.620000 0.0                 0          0          2          06325 2151  284
 2.00000000 0.0                 5          0        192         316325 2151  285
 0.0        0.0        2.00000000 1.00000000 0.0        0.0       6325 2151  286
 100.000000 2.78220000 0.0        .001029400 .091000000 0.0       6325 2151  287
 150.000000 2.72600000 0.0        .001008600 .091000000 0.0       6325 2151  288
 200.000000 2.64950000 0.0        9.80330E-4 .091000000 0.0       6325 2151  289
 250.000000 2.73530000 0.0        .001012100 .091000000 0.0       6325 2151  290
 300.000000 2.63400000 0.0        9.74560E-4 .091000000 0.0       6325 2151  291
 400.000000 2.62200000 0.0        9.70160E-4 .091000000 0.0       6325 2151  292
 500.000000 2.50630000 0.0        9.27340E-4 .091000000 0.0       6325 2151  293
 600.000000 2.46890000 0.0        9.13510E-4 .091000000 0.0       6325 2151  294
 800.000000 2.32580000 0.0        8.60560E-4 .091000000 0.0       6325 2151  295
 1000.00000 2.25000000 0.0        8.32480E-4 .091000000 0.0       6325 2151  296
 1500.00000 2.16500000 0.0        8.01050E-4 .091000000 0.0       6325 2151  297
 2000.00000 2.09570000 0.0        7.75400E-4 .091000000 0.0       6325 2151  298
 2500.00000 1.99220000 0.0        7.37120E-4 .091000000 0.0       6325 2151  299
 3000.00000 1.97340000 0.0        7.30160E-4 .091000000 0.0       6325 2151  300
 4000.00000 1.86040000 0.0        6.88350E-4 .091000000 0.0       6325 2151  301
 5000.00000 1.82820000 0.0        6.76450E-4 .091000000 0.0       6325 2151  302
 6000.00000 1.75400000 0.0        6.48980E-4 .091000000 0.0       6325 2151  303
 8000.00000 1.69190000 0.0        6.26000E-4 .091000000 0.0       6325 2151  304
 10000.0000 1.57210000 0.0        5.81690E-4 .091000000 0.0       6325 2151  305
 15000.0000 1.42220000 0.0        5.26230E-4 .091000000 0.0       6325 2151  306
 20000.0000 1.34740000 0.0        4.98530E-4 .091000000 0.0       6325 2151  307
 22000.0000 1.25750000 3.5753E-10 4.65290E-4 .091000000 0.0       6325 2151  308
 25000.0000 1.29410000 3.29180E-7 4.78820E-4 .091000000 0.0       6325 2151  309
 30000.0000 1.25350000 3.31880E-6 4.63790E-4 .091000000 0.0       6325 2151  310
 40000.0000 1.14020000 2.19240E-5 4.21890E-4 .091000000 0.0       6325 2151  311
 50000.0000 1.10350000 6.28240E-5 4.08300E-4 .091000000 0.0       6325 2151  312
 60000.0000 1.05260000 1.26830E-4 3.89460E-4 .091000000 0.0       6325 2151  313
 70000.0000 .979390000 2.09160E-4 3.62370E-4 .091000000 0.0       6325 2151  314
 80000.0000 .951570000 3.22660E-4 3.52080E-4 .091000000 0.0       6325 2151  315
 90000.0000 .929370000 4.64230E-4 3.43870E-4 .091000000 0.0       6325 2151  316
 100000.000 .892630000 6.22070E-4 3.30270E-4 .091000000 0.0       6325 2151  317
 3.00000000 0.0                 5          0        192         316325 2151  318
 0.0        0.0        1.01350000 1.00000000 0.0        0.0       6325 2151  319
 100.000000 1.98730000 0.0        7.35310E-4 .091000000 0.0       6325 2151  320
 150.000000 1.94720000 0.0        7.20460E-4 .091000000 0.0       6325 2151  321
 200.000000 1.89250000 0.0        7.00240E-4 .091000000 0.0       6325 2151  322
 250.000000 1.95380000 0.0        7.22900E-4 .091000000 0.0       6325 2151  323
 300.000000 1.88140000 0.0        6.96120E-4 .091000000 0.0       6325 2151  324
 400.000000 1.87290000 0.0        6.92970E-4 .091000000 0.0       6325 2151  325
 500.000000 1.79020000 0.0        6.62390E-4 .091000000 0.0       6325 2151  326
 600.000000 1.76350000 0.0        6.52510E-4 .091000000 0.0       6325 2151  327
 800.000000 1.66130000 0.0        6.14680E-4 .091000000 0.0       6325 2151  328
 1000.00000 1.60710000 0.0        5.94630E-4 .091000000 0.0       6325 2151  329
 1500.00000 1.54640000 0.0        5.72180E-4 .091000000 0.0       6325 2151  330
 2000.00000 1.49690000 0.0        5.53850E-4 .091000000 0.0       6325 2151  331
 2500.00000 1.42300000 0.0        5.26520E-4 .091000000 0.0       6325 2151  332
 3000.00000 1.40960000 0.0        5.21540E-4 .091000000 0.0       6325 2151  333
 4000.00000 1.32890000 0.0        4.91680E-4 .091000000 0.0       6325 2151  334
 5000.00000 1.30590000 0.0        4.83180E-4 .091000000 0.0       6325 2151  335
 6000.00000 1.25290000 0.0        4.63560E-4 .091000000 0.0       6325 2151  336
 8000.00000 1.20850000 0.0        4.47140E-4 .091000000 0.0       6325 2151  337
 10000.0000 1.12290000 0.0        4.15490E-4 .091000000 0.0       6325 2151  338
 15000.0000 1.01590000 0.0        3.75880E-4 .091000000 0.0       6325 2151  339
 20000.0000 .962410000 0.0        3.56090E-4 .091000000 0.0       6325 2151  340
 22000.0000 .898250000 .004835100 3.32350E-4 .091000000 0.0       6325 2151  341
 25000.0000 .924360000 .019383000 3.42010E-4 .091000000 0.0       6325 2151  342
 30000.0000 .895360000 .030023000 3.31280E-4 .091000000 0.0       6325 2151  343
 40000.0000 .814460000 .040683000 3.01350E-4 .091000000 0.0       6325 2151  344
 50000.0000 .788230000 .049031000 2.91650E-4 .091000000 0.0       6325 2151  345
 60000.0000 .751850000 .054470000 2.78180E-4 .091000000 0.0       6325 2151  346
 70000.0000 .699560000 .056983000 2.58840E-4 .091000000 0.0       6325 2151  347
 80000.0000 .679690000 .060907000 2.51490E-4 .091000000 0.0       6325 2151  348
 90000.0000 .663840000 .064481000 2.45620E-4 .091000000 0.0       6325 2151  349
 100000.000 .637600000 .066420000 2.35910E-4 .091000000 0.0       6325 2151  350
 149.620000 0.0                 1          0          4          06325 2151  351
 1.00000000 0.0                 5          0        192         316325 2151  352
 0.0        0.0        0.0        1.00000000 0.0        0.0       6325 2151  353
 100.000000 4.63710000 0.0        4.63710E-5 .091000000 0.0       6325 2151  354
 150.000000 4.54340000 0.0        4.54340E-5 .091000000 0.0       6325 2151  355
 200.000000 4.41590000 0.0        4.41590E-5 .091000000 0.0       6325 2151  356
 250.000000 4.55880000 0.0        4.55880E-5 .091000000 0.0       6325 2151  357
 300.000000 4.38990000 0.0        4.38990E-5 .091000000 0.0       6325 2151  358
 400.000000 4.37010000 0.0        4.37010E-5 .091000000 0.0       6325 2151  359
 500.000000 4.17720000 0.0        4.17720E-5 .091000000 0.0       6325 2151  360
 600.000000 4.11490000 0.0        4.11490E-5 .091000000 0.0       6325 2151  361
 800.000000 3.87640000 0.0        3.87640E-5 .091000000 0.0       6325 2151  362
 1000.00000 3.74990000 0.0        3.74990E-5 .091000000 0.0       6325 2151  363
 1500.00000 3.60830000 0.0        3.60830E-5 .091000000 0.0       6325 2151  364
 2000.00000 3.49280000 0.0        3.49280E-5 .091000000 0.0       6325 2151  365
 2500.00000 3.32040000 0.0        3.32040E-5 .091000000 0.0       6325 2151  366
 3000.00000 3.28900000 0.0        3.28900E-5 .091000000 0.0       6325 2151  367
 4000.00000 3.10070000 0.0        3.10070E-5 .091000000 0.0       6325 2151  368
 5000.00000 3.04710000 0.0        3.04710E-5 .091000000 0.0       6325 2151  369
 6000.00000 2.92340000 0.0        2.92340E-5 .091000000 0.0       6325 2151  370
 8000.00000 2.81980000 0.0        2.81980E-5 .091000000 0.0       6325 2151  371
 10000.0000 2.62020000 0.0        2.62020E-5 .091000000 0.0       6325 2151  372
 15000.0000 2.37040000 0.0        2.37040E-5 .091000000 0.0       6325 2151  373
 20000.0000 2.24560000 0.0        2.24560E-5 .091000000 0.0       6325 2151  374
 22000.0000 2.09590000 0.0        2.09590E-5 .091000000 0.0       6325 2151  375
 25000.0000 2.15680000 0.0        2.15680E-5 .091000000 0.0       6325 2151  376
 30000.0000 2.08920000 0.0        2.08920E-5 .091000000 0.0       6325 2151  377
 40000.0000 1.90040000 0.0        1.90040E-5 .091000000 0.0       6325 2151  378
 50000.0000 1.83920000 0.0        1.83920E-5 .091000000 0.0       6325 2151  379
 60000.0000 1.75430000 0.0        1.75430E-5 .091000000 0.0       6325 2151  380
 70000.0000 1.63230000 0.0        1.63230E-5 .091000000 0.0       6325 2151  381
 80000.0000 1.58600000 0.0        1.58600E-5 .091000000 0.0       6325 2151  382
 90000.0000 1.54900000 0.0        1.54900E-5 .091000000 0.0       6325 2151  383
 100000.000 1.48770000 0.0        1.48770E-5 .091000000 0.0       6325 2151  384
 2.00000000 0.0                 5          0        192         316325 2151  385
 0.0        0.0        1.00000000 2.00000000 0.0        0.0       6325 2151  386
 100.000000 2.78220000 0.0        2.78220E-5 .091000000 0.0       6325 2151  387
 150.000000 2.72600000 0.0        2.72600E-5 .091000000 0.0       6325 2151  388
 200.000000 2.64950000 0.0        2.64950E-5 .091000000 0.0       6325 2151  389
 250.000000 2.73530000 0.0        2.73530E-5 .091000000 0.0       6325 2151  390
 300.000000 2.63400000 0.0        2.63400E-5 .091000000 0.0       6325 2151  391
 400.000000 2.62200000 0.0        2.62200E-5 .091000000 0.0       6325 2151  392
 500.000000 2.50630000 0.0        2.50630E-5 .091000000 0.0       6325 2151  393
 600.000000 2.46890000 0.0        2.46890E-5 .091000000 0.0       6325 2151  394
 800.000000 2.32580000 0.0        2.32580E-5 .091000000 0.0       6325 2151  395
 1000.00000 2.25000000 0.0        2.25000E-5 .091000000 0.0       6325 2151  396
 1500.00000 2.16500000 0.0        2.16500E-5 .091000000 0.0       6325 2151  397
 2000.00000 2.09570000 0.0        2.09570E-5 .091000000 0.0       6325 2151  398
 2500.00000 1.99220000 0.0        1.99220E-5 .091000000 0.0       6325 2151  399
 3000.00000 1.97340000 0.0        1.97340E-5 .091000000 0.0       6325 2151  400
 4000.00000 1.86040000 0.0        1.86040E-5 .091000000 0.0       6325 2151  401
 5000.00000 1.82820000 0.0        1.82820E-5 .091000000 0.0       6325 2151  402
 6000.00000 1.75400000 0.0        1.75400E-5 .091000000 0.0       6325 2151  403
 8000.00000 1.69190000 0.0        1.69190E-5 .091000000 0.0       6325 2151  404
 10000.0000 1.57210000 0.0        1.57210E-5 .091000000 0.0       6325 2151  405
 15000.0000 1.42220000 0.0        1.42220E-5 .091000000 0.0       6325 2151  406
 20000.0000 1.34740000 0.0        1.34740E-5 .091000000 0.0       6325 2151  407
 22000.0000 1.25750000 9.90080E-8 1.25750E-5 .091000000 0.0       6325 2151  408
 25000.0000 1.29410000 5.97680E-6 1.29410E-5 .091000000 0.0       6325 2151  409
 30000.0000 1.25350000 2.33730E-5 1.25350E-5 .091000000 0.0       6325 2151  410
 40000.0000 1.14020000 6.85030E-5 1.14020E-5 .091000000 0.0       6325 2151  411
 50000.0000 1.10350000 1.24770E-4 1.10350E-5 .091000000 0.0       6325 2151  412
 60000.0000 1.05260000 1.83240E-4 1.05260E-5 .091000000 0.0       6325 2151  413
 70000.0000 .979390000 2.36120E-4 9.79390E-6 .091000000 0.0       6325 2151  414
 80000.0000 .951570000 2.97600E-4 9.51570E-6 .091000000 0.0       6325 2151  415
 90000.0000 .929370000 3.60650E-4 9.29370E-6 .091000000 0.0       6325 2151  416
 100000.000 .892630000 4.16230E-4 8.92630E-6 .091000000 0.0       6325 2151  417
 3.00000000 0.0                 5          0        192         316325 2151  418
 0.0        0.0        2.00000000 2.00000000 0.0        0.0       6325 2151  419
 100.000000 1.98730000 0.0        1.98730E-5 .091000000 0.0       6325 2151  420
 150.000000 1.94720000 0.0        1.94720E-5 .091000000 0.0       6325 2151  421
 200.000000 1.89250000 0.0        1.89250E-5 .091000000 0.0       6325 2151  422
 250.000000 1.95380000 0.0        1.95380E-5 .091000000 0.0       6325 2151  423
 300.000000 1.88140000 0.0        1.88140E-5 .091000000 0.0       6325 2151  424
 400.000000 1.87290000 0.0        1.87290E-5 .091000000 0.0       6325 2151  425
 500.000000 1.79020000 0.0        1.79020E-5 .091000000 0.0       6325 2151  426
 600.000000 1.76350000 0.0        1.76350E-5 .091000000 0.0       6325 2151  427
 800.000000 1.66130000 0.0        1.66130E-5 .091000000 0.0       6325 2151  428
 1000.00000 1.60710000 0.0        1.60710E-5 .091000000 0.0       6325 2151  429
 1500.00000 1.54640000 0.0        1.54640E-5 .091000000 0.0       6325 2151  430
 2000.00000 1.49690000 0.0        1.49690E-5 .091000000 0.0       6325 2151  431
 2500.00000 1.42300000 0.0        1.42300E-5 .091000000 0.0       6325 2151  432
 3000.00000 1.40960000 0.0        1.40960E-5 .091000000 0.0       6325 2151  433
 4000.00000 1.32890000 0.0        1.32890E-5 .091000000 0.0       6325 2151  434
 5000.00000 1.30590000 0.0        1.30590E-5 .091000000 0.0       6325 2151  435
 6000.00000 1.25290000 0.0        1.25290E-5 .091000000 0.0       6325 2151  436
 8000.00000 1.20850000 0.0        1.20850E-5 .091000000 0.0       6325 2151  437
 10000.0000 1.12290000 0.0        1.12290E-5 .091000000 0.0       6325 2151  438
 15000.0000 1.01590000 0.0        1.01590E-5 .091000000 0.0       6325 2151  439
 20000.0000 .962410000 0.0        9.62410E-6 .091000000 0.0       6325 2151  440
 22000.0000 .898250000 1.41440E-7 8.98250E-6 .091000000 0.0       6325 2151  441
 25000.0000 .924360000 8.53830E-6 9.24360E-6 .091000000 0.0       6325 2151  442
 30000.0000 .895360000 3.33890E-5 8.95360E-6 .091000000 0.0       6325 2151  443
 40000.0000 .814460000 9.78610E-5 8.14460E-6 .091000000 0.0       6325 2151  444
 50000.0000 .788230000 1.78250E-4 7.88230E-6 .091000000 0.0       6325 2151  445
 60000.0000 .751850000 2.61770E-4 7.51850E-6 .091000000 0.0       6325 2151  446
 70000.0000 .699560000 3.37320E-4 6.99560E-6 .091000000 0.0       6325 2151  447
 80000.0000 .679690000 4.25140E-4 6.79690E-6 .091000000 0.0       6325 2151  448
 90000.0000 .663840000 5.15210E-4 6.63840E-6 .091000000 0.0       6325 2151  449
 100000.000 .637600000 5.94610E-4 6.37600E-6 .091000000 0.0       6325 2151  450
 4.00000000 0.0                 5          0        192         316325 2151  451
 0.0        0.0        2.00000000 1.00000000 0.0        0.0       6325 2151  452
 100.000000 1.54570000 0.0        1.54570E-5 .091000000 0.0       6325 2151  453
 150.000000 1.51450000 0.0        1.51450E-5 .091000000 0.0       6325 2151  454
 200.000000 1.47200000 0.0        1.47200E-5 .091000000 0.0       6325 2151  455
 250.000000 1.51960000 0.0        1.51960E-5 .091000000 0.0       6325 2151  456
 300.000000 1.46330000 0.0        1.46330E-5 .091000000 0.0       6325 2151  457
 400.000000 1.45670000 0.0        1.45670E-5 .091000000 0.0       6325 2151  458
 500.000000 1.39240000 0.0        1.39240E-5 .091000000 0.0       6325 2151  459
 600.000000 1.37160000 0.0        1.37160E-5 .091000000 0.0       6325 2151  460
 800.000000 1.29210000 0.0        1.29210E-5 .091000000 0.0       6325 2151  461
 1000.00000 1.25000000 0.0        1.25000E-5 .091000000 0.0       6325 2151  462
 1500.00000 1.20280000 0.0        1.20280E-5 .091000000 0.0       6325 2151  463
 2000.00000 1.16430000 0.0        1.16430E-5 .091000000 0.0       6325 2151  464
 2500.00000 1.10680000 0.0        1.10680E-5 .091000000 0.0       6325 2151  465
 3000.00000 1.09630000 0.0        1.09630E-5 .091000000 0.0       6325 2151  466
 4000.00000 1.03360000 0.0        1.03360E-5 .091000000 0.0       6325 2151  467
 5000.00000 1.01570000 0.0        1.01570E-5 .091000000 0.0       6325 2151  468
 6000.00000 .974450000 0.0        9.74450E-6 .091000000 0.0       6325 2151  469
 8000.00000 .939940000 0.0        9.39940E-6 .091000000 0.0       6325 2151  470
 10000.0000 .873400000 0.0        8.73400E-6 .091000000 0.0       6325 2151  471
 15000.0000 .790140000 0.0        7.90140E-6 .091000000 0.0       6325 2151  472
 20000.0000 .748540000 0.0        7.48540E-6 .091000000 0.0       6325 2151  473
 22000.0000 .698640000 1.10010E-7 6.98640E-6 .091000000 0.0       6325 2151  474
 25000.0000 .718940000 6.64090E-6 7.18940E-6 .091000000 0.0       6325 2151  475
 30000.0000 .696390000 2.59690E-5 6.96390E-6 .091000000 0.0       6325 2151  476
 40000.0000 .633470000 7.61140E-5 6.33470E-6 .091000000 0.0       6325 2151  477
 50000.0000 .613070000 1.38640E-4 6.13070E-6 .091000000 0.0       6325 2151  478
 60000.0000 .584770000 2.03600E-4 5.84770E-6 .091000000 0.0       6325 2151  479
 70000.0000 .544100000 2.62360E-4 5.44100E-6 .091000000 0.0       6325 2151  480
 80000.0000 .528650000 3.30660E-4 5.28650E-6 .091000000 0.0       6325 2151  481
 90000.0000 .516320000 4.00720E-4 5.16320E-6 .091000000 0.0       6325 2151  482
 100000.000 .495910000 4.62470E-4 4.95910E-6 .091000000 0.0       6325 2151  483
 149.620000 0.0                 2          0          6          06325 2151  484
 0.0        0.0                 5          0        192         316325 2151  485
 0.0        0.0        0.0        1.00000000 0.0        0.0       6325 2151  486
 100.000000 13.9110000 0.0        .004173400 .091000000 0.0       6325 2151  487
 150.000000 13.6300000 0.0        .004089100 .091000000 0.0       6325 2151  488
 200.000000 13.2480000 0.0        .003974300 .091000000 0.0       6325 2151  489
 250.000000 13.6760000 0.0        .004102900 .091000000 0.0       6325 2151  490
 300.000000 13.1700000 0.0        .003950900 .091000000 0.0       6325 2151  491
 400.000000 13.1100000 0.0        .003933100 .091000000 0.0       6325 2151  492
 500.000000 12.5320000 0.0        .003759500 .091000000 0.0       6325 2151  493
 600.000000 12.3450000 0.0        .003703400 .091000000 0.0       6325 2151  494
 800.000000 11.6290000 0.0        .003488700 .091000000 0.0       6325 2151  495
 1000.00000 11.2500000 0.0        .003374900 .091000000 0.0       6325 2151  496
 1500.00000 10.8250000 0.0        .003247500 .091000000 0.0       6325 2151  497
 2000.00000 10.4780000 0.0        .003143500 .091000000 0.0       6325 2151  498
 2500.00000 9.96110000 0.0        .002988300 .091000000 0.0       6325 2151  499
 3000.00000 9.86700000 0.0        .002960100 .091000000 0.0       6325 2151  500
 4000.00000 9.30200000 0.0        .002790600 .091000000 0.0       6325 2151  501
 5000.00000 9.14120000 0.0        .002742300 .091000000 0.0       6325 2151  502
 6000.00000 8.77010000 0.0        .002631000 .091000000 0.0       6325 2151  503
 8000.00000 8.45950000 0.0        .002537800 .091000000 0.0       6325 2151  504
 10000.0000 7.86060000 0.0        .002358200 .091000000 0.0       6325 2151  505
 15000.0000 7.11120000 0.0        .002133400 .091000000 0.0       6325 2151  506
 20000.0000 6.73690000 0.0        .002021100 .091000000 0.0       6325 2151  507
 22000.0000 6.28770000 0.0        .001886300 .091000000 0.0       6325 2151  508
 25000.0000 6.47050000 0.0        .001941100 .091000000 0.0       6325 2151  509
 30000.0000 6.26750000 0.0        .001880200 .091000000 0.0       6325 2151  510
 40000.0000 5.70120000 0.0        .001710400 .091000000 0.0       6325 2151  511
 50000.0000 5.51760000 0.0        .001655300 .091000000 0.0       6325 2151  512
 60000.0000 5.26300000 0.0        .001578900 .091000000 0.0       6325 2151  513
 70000.0000 4.89690000 0.0        .001469100 .091000000 0.0       6325 2151  514
 80000.0000 4.75790000 0.0        .001427400 .091000000 0.0       6325 2151  515
 90000.0000 4.64690000 0.0        .001394100 .091000000 0.0       6325 2151  516
 100000.000 4.46320000 0.0        .001339000 .091000000 0.0       6325 2151  517
 1.00000000 0.0                 5          0        192         316325 2151  518
 0.0        0.0        1.00000000 2.00000000 0.0        0.0       6325 2151  519
 100.000000 4.63710000 0.0        .001391100 .091000000 0.0       6325 2151  520
 150.000000 4.54340000 0.0        .001363000 .091000000 0.0       6325 2151  521
 200.000000 4.41590000 0.0        .001324800 .091000000 0.0       6325 2151  522
 250.000000 4.55880000 0.0        .001367600 .091000000 0.0       6325 2151  523
 300.000000 4.38990000 0.0        .001317000 .091000000 0.0       6325 2151  524
 400.000000 4.37010000 0.0        .001311000 .091000000 0.0       6325 2151  525
 500.000000 4.17720000 0.0        .001253200 .091000000 0.0       6325 2151  526
 600.000000 4.11490000 0.0        .001234500 .091000000 0.0       6325 2151  527
 800.000000 3.87640000 0.0        .001162900 .091000000 0.0       6325 2151  528
 1000.00000 3.74990000 0.0        .001125000 .091000000 0.0       6325 2151  529
 1500.00000 3.60830000 0.0        .001082500 .091000000 0.0       6325 2151  530
 2000.00000 3.49280000 0.0        .001047800 .091000000 0.0       6325 2151  531
 2500.00000 3.32040000 0.0        9.96110E-4 .091000000 0.0       6325 2151  532
 3000.00000 3.28900000 0.0        9.86700E-4 .091000000 0.0       6325 2151  533
 4000.00000 3.10070000 0.0        9.30200E-4 .091000000 0.0       6325 2151  534
 5000.00000 3.04710000 0.0        9.14120E-4 .091000000 0.0       6325 2151  535
 6000.00000 2.92340000 0.0        8.77010E-4 .091000000 0.0       6325 2151  536
 8000.00000 2.81980000 0.0        8.45950E-4 .091000000 0.0       6325 2151  537
 10000.0000 2.62020000 0.0        7.86060E-4 .091000000 0.0       6325 2151  538
 15000.0000 2.37040000 0.0        7.11120E-4 .091000000 0.0       6325 2151  539
 20000.0000 2.24560000 0.0        6.73690E-4 .091000000 0.0       6325 2151  540
 22000.0000 2.09590000 2.9794E-10 6.28770E-4 .091000000 0.0       6325 2151  541
 25000.0000 2.15680000 2.74320E-7 6.47050E-4 .091000000 0.0       6325 2151  542
 30000.0000 2.08920000 2.76570E-6 6.26750E-4 .091000000 0.0       6325 2151  543
 40000.0000 1.90040000 1.82700E-5 5.70120E-4 .091000000 0.0       6325 2151  544
 50000.0000 1.83920000 5.23530E-5 5.51760E-4 .091000000 0.0       6325 2151  545
 60000.0000 1.75430000 1.05690E-4 5.26300E-4 .091000000 0.0       6325 2151  546
 70000.0000 1.63230000 1.74300E-4 4.89690E-4 .091000000 0.0       6325 2151  547
 80000.0000 1.58600000 2.68880E-4 4.75790E-4 .091000000 0.0       6325 2151  548
 90000.0000 1.54900000 3.86860E-4 4.64690E-4 .091000000 0.0       6325 2151  549
 100000.000 1.48770000 5.18400E-4 4.46320E-4 .091000000 0.0       6325 2151  550
 2.00000000 0.0                 5          0        192         316325 2151  551
 0.0        0.0        2.00000000 2.00000000 0.0        0.0       6325 2151  552
 100.000000 2.78220000 0.0        8.34670E-4 .091000000 0.0       6325 2151  553
 150.000000 2.72600000 0.0        8.17810E-4 .091000000 0.0       6325 2151  554
 200.000000 2.64950000 0.0        7.94860E-4 .091000000 0.0       6325 2151  555
 250.000000 2.73530000 0.0        8.20580E-4 .091000000 0.0       6325 2151  556
 300.000000 2.63400000 0.0        7.90190E-4 .091000000 0.0       6325 2151  557
 400.000000 2.62200000 0.0        7.86610E-4 .091000000 0.0       6325 2151  558
 500.000000 2.50630000 0.0        7.51900E-4 .091000000 0.0       6325 2151  559
 600.000000 2.46890000 0.0        7.40680E-4 .091000000 0.0       6325 2151  560
 800.000000 2.32580000 0.0        6.97750E-4 .091000000 0.0       6325 2151  561
 1000.00000 2.25000000 0.0        6.74990E-4 .091000000 0.0       6325 2151  562
 1500.00000 2.16500000 0.0        6.49500E-4 .091000000 0.0       6325 2151  563
 2000.00000 2.09570000 0.0        6.28700E-4 .091000000 0.0       6325 2151  564
 2500.00000 1.99220000 0.0        5.97670E-4 .091000000 0.0       6325 2151  565
 3000.00000 1.97340000 0.0        5.92020E-4 .091000000 0.0       6325 2151  566
 4000.00000 1.86040000 0.0        5.58120E-4 .091000000 0.0       6325 2151  567
 5000.00000 1.82820000 0.0        5.48470E-4 .091000000 0.0       6325 2151  568
 6000.00000 1.75400000 0.0        5.26200E-4 .091000000 0.0       6325 2151  569
 8000.00000 1.69190000 0.0        5.07570E-4 .091000000 0.0       6325 2151  570
 10000.0000 1.57210000 0.0        4.71640E-4 .091000000 0.0       6325 2151  571
 15000.0000 1.42220000 0.0        4.26670E-4 .091000000 0.0       6325 2151  572
 20000.0000 1.34740000 0.0        4.04210E-4 .091000000 0.0       6325 2151  573
 22000.0000 1.25750000 3.5753E-10 3.77260E-4 .091000000 0.0       6325 2151  574
 25000.0000 1.29410000 3.29180E-7 3.88230E-4 .091000000 0.0       6325 2151  575
 30000.0000 1.25350000 3.31880E-6 3.76050E-4 .091000000 0.0       6325 2151  576
 40000.0000 1.14020000 2.19240E-5 3.42070E-4 .091000000 0.0       6325 2151  577
 50000.0000 1.10350000 6.28240E-5 3.31060E-4 .091000000 0.0       6325 2151  578
 60000.0000 1.05260000 1.26830E-4 3.15780E-4 .091000000 0.0       6325 2151  579
 70000.0000 .979390000 2.09160E-4 2.93820E-4 .091000000 0.0       6325 2151  580
 80000.0000 .951570000 3.22660E-4 2.85470E-4 .091000000 0.0       6325 2151  581
 90000.0000 .929370000 4.64230E-4 2.78810E-4 .091000000 0.0       6325 2151  582
 100000.000 .892630000 6.22070E-4 2.67790E-4 .091000000 0.0       6325 2151  583
 3.00000000 0.0                 5          0        192         316325 2151  584
 0.0        0.0        1.01350000 2.00000000 0.0        0.0       6325 2151  585
 100.000000 1.98730000 0.0        5.96190E-4 .091000000 0.0       6325 2151  586
 150.000000 1.94720000 0.0        5.84150E-4 .091000000 0.0       6325 2151  587
 200.000000 1.89250000 0.0        5.67760E-4 .091000000 0.0       6325 2151  588
 250.000000 1.95380000 0.0        5.86130E-4 .091000000 0.0       6325 2151  589
 300.000000 1.88140000 0.0        5.64420E-4 .091000000 0.0       6325 2151  590
 400.000000 1.87290000 0.0        5.61870E-4 .091000000 0.0       6325 2151  591
 500.000000 1.79020000 0.0        5.37070E-4 .091000000 0.0       6325 2151  592
 600.000000 1.76350000 0.0        5.29060E-4 .091000000 0.0       6325 2151  593
 800.000000 1.66130000 0.0        4.98390E-4 .091000000 0.0       6325 2151  594
 1000.00000 1.60710000 0.0        4.82130E-4 .091000000 0.0       6325 2151  595
 1500.00000 1.54640000 0.0        4.63930E-4 .091000000 0.0       6325 2151  596
 2000.00000 1.49690000 0.0        4.49070E-4 .091000000 0.0       6325 2151  597
 2500.00000 1.42300000 0.0        4.26910E-4 .091000000 0.0       6325 2151  598
 3000.00000 1.40960000 0.0        4.22870E-4 .091000000 0.0       6325 2151  599
 4000.00000 1.32890000 0.0        3.98660E-4 .091000000 0.0       6325 2151  600
 5000.00000 1.30590000 0.0        3.91760E-4 .091000000 0.0       6325 2151  601
 6000.00000 1.25290000 0.0        3.75860E-4 .091000000 0.0       6325 2151  602
 8000.00000 1.20850000 0.0        3.62550E-4 .091000000 0.0       6325 2151  603
 10000.0000 1.12290000 0.0        3.36880E-4 .091000000 0.0       6325 2151  604
 15000.0000 1.01590000 0.0        3.04770E-4 .091000000 0.0       6325 2151  605
 20000.0000 .962410000 0.0        2.88720E-4 .091000000 0.0       6325 2151  606
 22000.0000 .898250000 .004835100 2.69470E-4 .091000000 0.0       6325 2151  607
 25000.0000 .924360000 .019383000 2.77310E-4 .091000000 0.0       6325 2151  608
 30000.0000 .895360000 .030023000 2.68610E-4 .091000000 0.0       6325 2151  609
 40000.0000 .814460000 .040683000 2.44340E-4 .091000000 0.0       6325 2151  610
 50000.0000 .788230000 .049031000 2.36470E-4 .091000000 0.0       6325 2151  611
 60000.0000 .751850000 .054470000 2.25560E-4 .091000000 0.0       6325 2151  612
 70000.0000 .699560000 .056983000 2.09870E-4 .091000000 0.0       6325 2151  613
 80000.0000 .679690000 .060907000 2.03910E-4 .091000000 0.0       6325 2151  614
 90000.0000 .663840000 .064481000 1.99150E-4 .091000000 0.0       6325 2151  615
 100000.000 .637600000 .066420000 1.91280E-4 .091000000 0.0       6325 2151  616
 4.00000000 0.0                 5          0        192         316325 2151  617
 0.0        0.0        1.01350000 2.00000000 0.0        0.0       6325 2151  618
 100.000000 1.54570000 0.0        4.63710E-4 .091000000 0.0       6325 2151  619
 150.000000 1.51450000 0.0        4.54340E-4 .091000000 0.0       6325 2151  620
 200.000000 1.47200000 0.0        4.41590E-4 .091000000 0.0       6325 2151  621
 250.000000 1.51960000 0.0        4.55880E-4 .091000000 0.0       6325 2151  622
 300.000000 1.46330000 0.0        4.38990E-4 .091000000 0.0       6325 2151  623
 400.000000 1.45670000 0.0        4.37010E-4 .091000000 0.0       6325 2151  624
 500.000000 1.39240000 0.0        4.17720E-4 .091000000 0.0       6325 2151  625
 600.000000 1.37160000 0.0        4.11490E-4 .091000000 0.0       6325 2151  626
 800.000000 1.29210000 0.0        3.87640E-4 .091000000 0.0       6325 2151  627
 1000.00000 1.25000000 0.0        3.74990E-4 .091000000 0.0       6325 2151  628
 1500.00000 1.20280000 0.0        3.60830E-4 .091000000 0.0       6325 2151  629
 2000.00000 1.16430000 0.0        3.49280E-4 .091000000 0.0       6325 2151  630
 2500.00000 1.10680000 0.0        3.32040E-4 .091000000 0.0       6325 2151  631
 3000.00000 1.09630000 0.0        3.28900E-4 .091000000 0.0       6325 2151  632
 4000.00000 1.03360000 0.0        3.10070E-4 .091000000 0.0       6325 2151  633
 5000.00000 1.01570000 0.0        3.04710E-4 .091000000 0.0       6325 2151  634
 6000.00000 .974450000 0.0        2.92340E-4 .091000000 0.0       6325 2151  635
 8000.00000 .939940000 0.0        2.81980E-4 .091000000 0.0       6325 2151  636
 10000.0000 .873400000 0.0        2.62020E-4 .091000000 0.0       6325 2151  637
 15000.0000 .790140000 0.0        2.37040E-4 .091000000 0.0       6325 2151  638
 20000.0000 .748540000 0.0        2.24560E-4 .091000000 0.0       6325 2151  639
 22000.0000 .698640000 .003760600 2.09590E-4 .091000000 0.0       6325 2151  640
 25000.0000 .718940000 .015075000 2.15680E-4 .091000000 0.0       6325 2151  641
 30000.0000 .696390000 .023351000 2.08920E-4 .091000000 0.0       6325 2151  642
 40000.0000 .633470000 .031642000 1.90040E-4 .091000000 0.0       6325 2151  643
 50000.0000 .613070000 .038135000 1.83920E-4 .091000000 0.0       6325 2151  644
 60000.0000 .584770000 .042365000 1.75430E-4 .091000000 0.0       6325 2151  645
 70000.0000 .544100000 .044320000 1.63230E-4 .091000000 0.0       6325 2151  646
 80000.0000 .528650000 .047372000 1.58600E-4 .091000000 0.0       6325 2151  647
 90000.0000 .516320000 .050152000 1.54900E-4 .091000000 0.0       6325 2151  648
 100000.000 .495910000 .051660000 1.48770E-4 .091000000 0.0       6325 2151  649
 5.00000000 0.0                 5          0        192         316325 2151  650
 0.0        0.0        2.00000000 1.00000000 0.0        0.0       6325 2151  651
 100.000000 1.26470000 0.0        3.79400E-4 .091000000 0.0       6325 2151  652
 150.000000 1.23910000 0.0        3.71730E-4 .091000000 0.0       6325 2151  653
 200.000000 1.20430000 0.0        3.61300E-4 .091000000 0.0       6325 2151  654
 250.000000 1.24330000 0.0        3.72990E-4 .091000000 0.0       6325 2151  655
 300.000000 1.19730000 0.0        3.59180E-4 .091000000 0.0       6325 2151  656
 400.000000 1.19180000 0.0        3.57550E-4 .091000000 0.0       6325 2151  657
 500.000000 1.13920000 0.0        3.41770E-4 .091000000 0.0       6325 2151  658
 600.000000 1.12220000 0.0        3.36670E-4 .091000000 0.0       6325 2151  659
 800.000000 1.05720000 0.0        3.17160E-4 .091000000 0.0       6325 2151  660
 1000.00000 1.02270000 0.0        3.06810E-4 .091000000 0.0       6325 2151  661
 1500.00000 .984090000 0.0        2.95230E-4 .091000000 0.0       6325 2151  662
 2000.00000 .952580000 0.0        2.85770E-4 .091000000 0.0       6325 2151  663
 2500.00000 .905560000 0.0        2.71670E-4 .091000000 0.0       6325 2151  664
 3000.00000 .897000000 0.0        2.69100E-4 .091000000 0.0       6325 2151  665
 4000.00000 .845630000 0.0        2.53690E-4 .091000000 0.0       6325 2151  666
 5000.00000 .831010000 0.0        2.49300E-4 .091000000 0.0       6325 2151  667
 6000.00000 .797280000 0.0        2.39180E-4 .091000000 0.0       6325 2151  668
 8000.00000 .769040000 0.0        2.30710E-4 .091000000 0.0       6325 2151  669
 10000.0000 .714600000 0.0        2.14380E-4 .091000000 0.0       6325 2151  670
 15000.0000 .646470000 0.0        1.93940E-4 .091000000 0.0       6325 2151  671
 20000.0000 .612440000 0.0        1.83730E-4 .091000000 0.0       6325 2151  672
 22000.0000 .571610000 1.6251E-10 1.71480E-4 .091000000 0.0       6325 2151  673
 25000.0000 .588230000 1.49630E-7 1.76470E-4 .091000000 0.0       6325 2151  674
 30000.0000 .569770000 1.50860E-6 1.70930E-4 .091000000 0.0       6325 2151  675
 40000.0000 .518290000 9.96530E-6 1.55490E-4 .091000000 0.0       6325 2151  676
 50000.0000 .501600000 2.85560E-5 1.50480E-4 .091000000 0.0       6325 2151  677
 60000.0000 .478450000 5.76490E-5 1.43540E-4 .091000000 0.0       6325 2151  678
 70000.0000 .445180000 9.50710E-5 1.33550E-4 .091000000 0.0       6325 2151  679
 80000.0000 .432530000 1.46660E-4 1.29760E-4 .091000000 0.0       6325 2151  680
 90000.0000 .422440000 2.11010E-4 1.26730E-4 .091000000 0.0       6325 2151  681
 100000.000 .405740000 2.82760E-4 1.21720E-4 .091000000 0.0       6325 2151  682
                                                                  6325 2  0  683
                                                                  6325 0  0  684
 63151.0000 149.620000          0          0          0          06325 3  1  685
 0.0        0.0                 0          0          1       14096325 3  1  686
       1409          2                                            6325 3  1  687
 1.00000E-5 665395.152 1.25126E-5 594846.169 1.56566E-5 531777.0046325 3  1  688
 1.95905E-5 475394.601 2.45129E-5 424989.988 3.06721E-5 379929.3586325 3  1  689
 3.83789E-5 339646.101 4.80221E-5 303633.681 6.00883E-5 271439.2656325 3  1  690
 7.51862E-5 242658.027 9.40778E-5 216928.061 1.17716E-4 193925.8316325 3  1  691
 1.47294E-4 173362.096 1.84303E-4 154978.281 2.30612E-4 138543.2216325 3  1  692
 2.88556E-4 123850.255 3.61060E-4 110714.629 4.51781E-4 98971.17066325 3  1  693
 5.65297E-4 88472.2129 7.07336E-4 79085.7384 8.85063E-4 70693.71856325 3  1  694
 .001107447 63190.6291 .001385708 56482.1241 .001733885 50483.84916325 3  1  695
 .002169547 45120.3804 .002714674 40324.2773 .003396773 36035.23386325 3  1  696
 .004250257 32199.3207 .005318191 28768.3078 .006654457 25699.05786325 3  1  697
 .008326477 22952.9845 .010418616 20495.5686 .013036432 18295.92496325 3  1  698
 .016312009 16326.4151 .020410618 14562.3039 .025241880 13059.78866325 3  1  699
 .025300000 13044.3601 .031656962 11620.4556 .039611195 10342.95036325 3  1  700
 .049564035 9195.89078 .062017658 8165.00688 .077600420 7237.548926325 3  1  701
 .096423145 6426.91724 .097098559 6405.66448 .119805622 5693.641326325 3  1  702
 .121495864 5654.87242 .148828772 5030.09430 .148865622 5029.251986325 3  1  703
 .152593969 4966.60968 .183633247 4446.84477 .183996991 4440.753746325 3  1  704
 .190935234 4354.86777 .226576952 3915.09400 .227025760 3909.556286325 3  1  705
 .238910253 3800.45227 .277618660 3446.20211 .278154923 3441.294366325 3  1  706
 .298939635 3299.17558 .337775990 3034.42323 .340815765 3013.700696325 3  1  707
 .374052197 2843.87893 .410968843 2655.79801 .414667307 2636.955286325 3  1  708
 .468112047 2432.07177 .493938127 2333.34018 .502826096 2299.361996325 3  1  709
 .585731430 2059.70419 .590329398 2046.44774 .603272649 2009.130926325 3  1  710
 .702697216 1791.14676 .718750187 1755.95130 .732904248 1732.431706325 3  1  711
 .830589215 1570.64373 .855874983 1528.76489 .917056196 1452.334876325 3  1  712
 .975243052 1379.87348 1.01026781 1336.25637 1.13544166 1219.146696325 3  1  713
 1.15497981 1200.86726 1.18796727 1170.09603 1.31290757 1083.007506325 3  1  714
 1.38589942 1032.12918 1.46557281 990.995562 1.51034824 967.9627336325 3  1  715
 1.61827131 912.446266 1.72539505 872.281551 1.88900422 810.9383276325 3  1  716
 1.89913654 808.196100 1.97096399 788.842516 2.20363398 726.1506316325 3  1  717
 2.25744758 715.802513 2.57886807 653.994769 2.58892519 652.0608296325 3  1  718
 2.60166046 650.333373 2.96668933 601.060642 3.08072519 585.6677276325 3  1  719
 3.47006913 548.601019 3.70166212 526.552673 3.80663127 519.4529006325 3  1  720
 4.14176973 496.913150 4.52477236 471.154293 5.19812012 438.8951806325 3  1  721
 5.49236519 424.798325 5.58387933 420.436738 7.01220861 371.3769236325 3  1  722
 8.98053920 320.334061 9.41547450 311.521928 10.7241467 285.1595336325 3  1  723
 11.0522418 278.550259 12.2485054 260.842196 12.5109413 256.9916586325 3  1  724
 12.9004280 251.276994 12.9181931 251.108213 14.1921645 239.1915346325 3  1  725
 14.6327560 235.070258 14.8540035 234.049351 16.0993108 228.6018196325 3  1  726
 16.5273965 226.729180 16.7309026 226.573476 17.8436059 225.9771326325 3  1  727
 18.6495875 225.545172 19.2530546 226.047462 21.3568490 228.0629016325 3  1  728
 25.1846752 226.651146 26.0152864 225.978326 28.0641394 224.8601266325 3  1  729
 28.9335308 224.715962 29.4018517 224.638304 29.7007768 225.0023076325 3  1  730
 30.0510568 225.966594 32.2186506 232.896553 32.5720148 234.1393146325 3  1  731
 37.4548012 264.138711 37.7090335 265.521597 37.9593916 266.7422376325 3  1  732
 39.6930447 275.194793 40.1207806 277.280251 41.1555480 281.5740186325 3  1  733
 42.3205242 283.689051 42.8734751 284.358711 43.1018235 284.6352566325 3  1  734
 43.7011670 283.857293 46.1558819 279.234551 46.1731236 279.1523986325 3  1  735
 46.6331179 276.673716 49.2744967 262.440632 49.5715724 260.7412976325 3  1  736
 56.1800000 208.367822 57.1165639 201.506239 57.4378592 199.2548046325 3  1  737
 60.1217490 180.447798 60.3038616 179.500915 61.6857977 172.7958576325 3  1  738
 63.1675286 165.606603 63.1818605 165.563231 65.2412634 160.0237356325 3  1  739
 65.8477151 158.392467 66.0514862 157.892711 67.3041803 156.9216186325 3  1  740
 69.0016603 155.995230 69.2859250 155.840094 70.5031100 156.8423476325 3  1  741
 72.9788000 159.537391 74.3752255 161.057544 74.5304622 161.2439006325 3  1  742
 74.9980140 161.805180 81.1626686 169.816306 83.0108138 171.0457886325 3  1  743
 85.4863369 171.125976 89.0655595 170.612164 89.5917631 170.5366266325 3  1  744
 92.6260850 168.670427 97.5592311 164.764686 100.000000 162.8322466325 3  1  745
 105.763832 157.557086 109.536426 153.819607 117.867939 148.1586026325 3  1  746
 125.126331 143.226749 148.524193 132.144762 152.240020 130.3848266325 3  1  747
 187.842235 117.841799 191.836103 116.745718 203.555654 113.7523566325 3  1  748
 233.405167 106.128307 276.135345 98.1298965 278.991164 97.72745526325 3  1  749
 280.031117 97.5809052 347.938272 88.1707471 381.119149 84.66412306325 3  1  750
 382.363491 84.5360679 417.443813 80.9259559 518.698804 73.22054536325 3  1  751
 524.063239 72.8970330 537.174426 72.1063384 626.675284 67.13886106325 3  1  752
 718.240129 63.2898571 767.848412 61.2045319 817.794453 59.53155486325 3  1  753
 947.414236 55.6805777 984.412104 54.8167915 1113.00890 51.81445296325 3  1  754
 1168.97257 50.6258157 1349.15831 47.6555412 1412.31523 46.61443006325 3  1  755
 1659.24945 43.3962799 1718.35054 42.6935224 1862.09436 41.35450866325 3  1  756
 2061.61512 39.4959170 2543.73583 36.0147062 2552.16627 35.96255546325 3  1  757
 2561.67959 35.9037060 3051.88268 33.3791357 3497.79968 31.61137146325 3  1  758
 3713.19670 30.7574655 4010.71895 29.7728885 4646.18679 28.03153476325 3  1  759
 4760.46537 27.7800412 5382.60378 26.4108977 6235.43632 24.87511986325 3  1  760
 6524.64203 24.4397338 6830.07412 23.9799197 8080.47609 22.43426886325 3  1  761
 8879.96320 21.6619335 9900.30476 20.6762444 10039.9802 20.55721556325 3  1  762
 10070.5410 20.5369047 12130.5778 19.1678018 14351.3587 17.92461406325 3  1  763
 14759.1589 17.7369616 17831.5431 16.5236011 19183.6103 16.06545426325 3  1  764
 20438.8002 15.6401341 20740.1001 15.5380389 20758.9314 15.53165796325 3  1  765
 20768.3470 15.5284675 20774.2318 15.5264734 20780.1166 15.52447946325 3  1  766
 20786.0014 15.5224853 20791.8861 15.5204913 20797.7709 15.51849726325 3  1  767
 20803.6556 15.5165032 20809.5404 15.5145091 20815.4251 15.51251516325 3  1  768
 20821.3100 15.5105210 20827.1947 15.5085270 20833.0795 15.50653296325 3  1  769
 20838.9642 15.5045389 20844.8490 15.5025448 20850.7337 15.50055086325 3  1  770
 20856.6186 15.4985567 20862.5033 15.4965627 20868.3881 15.49456866325 3  1  771
 20875.4498 15.4921758 20882.5115 15.4897829 20889.5732 15.48739016325 3  1  772
 20896.6350 15.4849972 20903.6967 15.4826043 20910.7584 15.48021156325 3  1  773
 20917.8201 15.4778186 20924.8818 15.4754258 20931.9436 15.47303296325 3  1  774
 20939.0053 15.4706401 20946.0670 15.4682472 20949.2736 15.46716076325 3  1  775
 20953.1287 15.4659016 20960.1904 15.4635952 20967.2521 15.46128886325 3  1  776
 20974.3139 15.4589823 20981.3756 15.4566759 20988.4373 15.45436956325 3  1  777
 20996.6759 15.4516788 21004.9146 15.4489880 21013.1533 15.44629726325 3  1  778
 21021.3920 15.4436064 21029.6306 15.4409156 21037.8693 15.43822486325 3  1  779
 21046.1080 15.4355340 21054.3467 15.4328432 21062.5853 15.43015256325 3  1  780
 21070.8240 15.4274617 21079.0626 15.4247710 21087.3014 15.42208036325 3  1  781
 21096.7170 15.4190052 21106.1326 15.4159301 21115.5482 15.41285516325 3  1  782
 21124.9639 15.4097800 21134.3795 15.4067051 21142.6181 15.40401466325 3  1  783
 21152.0337 15.4009397 21161.4494 15.3978649 21170.8650 15.39479026325 3  1  784
 21180.2806 15.3917156 21189.6962 15.3886410 21199.1119 15.38556666325 3  1  785
 21208.5275 15.3824924 21217.9431 15.3794183 21229.7126 15.37557596325 3  1  786
 21241.4822 15.3717338 21253.2517 15.3678922 21265.0212 15.36405116325 3  1  787
 21276.7908 15.3602104 21288.5603 15.3563705 21300.3298 15.35253126325 3  1  788
 21312.0994 15.3486928 21326.2228 15.3440880 21340.3462 15.33948486325 3  1  789
 21354.4697 15.3348834 21368.5931 15.3302842 21382.7166 15.32568746325 3  1  790
 21399.1939 15.3203280 21415.6712 15.3149730 21432.1486 15.30962296325 3  1  791
 21448.6259 15.3042784 21467.4572 15.2981780 21486.2884 15.29208686325 3  1  792
 21507.4736 15.2852464 21526.3048 15.2791779 21549.8439 15.27160956325 3  1  793
 21573.3830 15.2640617 21601.6298 15.2550334 21629.8766 15.24603836325 3  1  794
 21663.0849 15.2355067 21701.2547 15.2234593 21748.9668 15.20848186325 3  1  795
 21806.2214 15.1906130 21892.1033 15.1639683 22084.8367 15.10449396325 3  1  796
 22469.3465 14.9860169 22945.9598 14.8141287 25134.1844 14.17910706325 3  1  797
 29943.8626 13.2427653 32343.1337 12.8712974 34793.8272 12.57952566325 3  1  798
 36178.9910 12.4146125 42206.9227 11.7871087 45586.5424 11.52516686325 3  1  799
 50000.0000 11.2360099 50705.4100 11.1786308 52442.0424 11.03261566325 3  1  800
 59908.8591 10.4830174 61611.1958 10.3774707 61795.7023 10.36754896325 3  1  801
 75486.8411 9.63130457 84439.4911 9.25339120 95786.4895 8.827181436325 3  1  802
 99667.2866 8.69071181 100202.160 8.67206787 102022.095 8.608630896325 3  1  803
 102736.728 8.59413271 121915.018 8.27298624 148332.845 7.830611476325 3  1  804
 154230.500 7.73185339 181739.338 7.45390219 193834.418 7.331692676325 3  1  805
 194131.615 7.32868977 194753.314 7.32240808 194983.038 7.320086936325 3  1  806
 195051.211 7.31939811 195097.900 7.31892636 195155.331 7.318346076325 3  1  807
 195166.161 7.31823664 195187.637 7.31801965 195194.899 7.317946276325 3  1  808
 195209.173 7.31780205 195212.860 7.31776479 195230.710 7.317584446325 3  1  809
 195230.821 7.31758331 195248.781 7.31740185 195252.247 7.317366826325 3  1  810
 195266.742 7.31722037 195273.783 7.31714922 195284.703 7.317038896325 3  1  811
 195295.320 7.31693161 195302.664 7.31685741 195316.857 7.316714006325 3  1  812
 195320.625 7.31667593 195338.393 7.31649640 195338.585 7.316494466325 3  1  813
 195356.547 7.31631297 195359.930 7.31627879 195374.508 7.316131496325 3  1  814
 195381.466 7.31606119 195392.468 7.31595002 195403.003 7.315843586325 3  1  815
 195410.429 7.31576854 195424.540 7.31562597 195428.391 7.315587056325 3  1  816
 195446.076 7.31540836 195446.351 7.31540559 195467.613 7.315190756325 3  1  817
 195467.904 7.31518781 195489.150 7.31497314 195489.457 7.314970046325 3  1  818
 195510.686 7.31475554 195511.009 7.31475228 195532.563 7.314534506325 3  1  819
 195535.812 7.31450167 195554.116 7.31431672 195560.938 7.314247796325 3  1  820
 195575.669 7.31409895 195586.064 7.31399392 195597.222 7.313881186325 3  1  821
 195611.190 7.31374005 195618.775 7.31366341 195636.316 7.313486186325 3  1  822
 195640.328 7.31344564 195661.442 7.31323230 195661.882 7.313227866325 3  1  823
 195683.434 7.31301010 195686.567 7.31297844 195704.987 7.312792336325 3  1  824
 195711.694 7.31272456 195726.540 7.31257456 195736.819 7.312470706325 3  1  825
 195748.093 7.31235679 195761.946 7.31221682 195769.646 7.312139026325 3  1  826
 195787.071 7.31196296 195791.199 7.31192125 195812.198 7.311709096325 3  1  827
 195812.752 7.31170349 195837.898 7.31144942 195840.913 7.311418966325 3  1  828
 195863.043 7.31119537 195869.629 7.31112882 195888.189 7.310941306325 3  1  829
 195898.344 7.31083870 195913.333 7.31068726 195927.060 7.310548586325 3  1  830
 195938.478 7.31043322 195955.775 7.31025846 195963.623 7.310179176325 3  1  831
 195984.491 7.30996835 195988.769 7.30992513 196009.617 7.309714506325 3  1  832
 196013.914 7.30967109 196038.332 7.30942441 196039.059 7.309417076325 3  1  833
 196064.205 7.30916304 196067.048 7.30913432 196089.350 7.308909036325 3  1  834
 196095.763 7.30884425 196114.495 7.30865503 196124.479 7.308554186325 3  1  835
 196143.232 7.30836476 196153.194 7.30826414 196171.970 7.308074506325 3  1  836
 196181.910 7.30797411 196200.707 7.30778427 196210.625 7.307684116325 3  1  837
 196229.445 7.30749405 196246.519 7.30732164 196258.182 7.307203886325 3  1  838
 196282.414 7.30695922 196286.920 7.30691373 196315.657 7.306623636325 3  1  839
 196318.308 7.30659687 196344.395 7.30633356 196354.203 7.306234586325 3  1  840
 196373.132 7.30604357 196390.097 7.30587240 196401.869 7.305753636325 3  1  841
 196425.991 7.30551032 196430.606 7.30546377 196459.344 7.305173996325 3  1  842
 196461.886 7.30514836 196488.081 7.30488431 196497.780 7.304786576325 3  1  843
 196516.819 7.30459474 196533.674 7.30442497 196552.741 7.304232956325 3  1  844
 196576.748 7.30399131 196588.663 7.30387140 196619.821 7.303558026325 3  1  845
 196624.584 7.30351013 196660.505 7.30314917 196662.894 7.303125196325 3  1  846
 196696.428 7.30278857 196705.967 7.30269292 196732.349 7.302428426325 3  1  847
 196749.041 7.30226126 196768.271 7.30206874 196799.293 7.301758586325 3  1  848
 196804.193 7.30170961 196840.115 7.30135112 196849.545 7.301257196325 3  1  849
 196883.220 7.30092191 196899.797 7.30075726 196926.327 7.300493876325 3  1  850
 196957.228 7.30018796 196969.433 7.30006719 197012.539 7.299642066325 3  1  851
 197014.659 7.29962124 197062.829 7.29914839 197079.269 7.298987816325 3  1  852
 197113.119 7.29865742 197136.700 7.29842858 197163.410 7.298169606325 3  1  853
 197208.489 7.29773536 197213.701 7.29768521 197271.176 7.297136516325 3  1  854
 197280.277 7.29705046 197328.650 7.29659359 197352.066 7.296374966325 3  1  855
 197393.309 7.29599040 197438.213 7.29557706 197450.784 7.295461536325 3  1  856
 197522.627 7.29481121 197531.770 7.29472996 197594.470 7.294173856325 3  1  857
 197640.618 7.29377271 197666.314 7.29354984 197752.526 7.292819736325 3  1  858
 197771.236 7.29266594 197853.606 7.29199058 197923.624 7.291436066325 3  1  859
 197962.620 7.29112807 198093.436 7.29013478 198141.320 7.289786666325 3  1  860
 198246.054 7.28902747 198464.081 7.28752034 198511.403 7.287208816325 3  1  861
 198856.529 7.28494174 211386.645 7.20488538 217615.083 7.176381626325 3  1  862
 221120.528 7.15985268 240735.777 7.06736253 241759.333 7.062536246325 3  1  863
 241823.306 7.06223459 241843.298 7.06214033 241863.289 7.062046076325 3  1  864
 241883.280 7.06195180 241903.271 7.06185754 241923.263 7.061763276325 3  1  865
 241943.254 7.06166901 241963.245 7.06157475 241983.236 7.061480496325 3  1  866
 242003.228 7.06138622 242023.219 7.06129196 242043.211 7.061197696325 3  1  867
 242063.202 7.06110343 242083.194 7.06100917 242103.185 7.060914906325 3  1  868
 242123.176 7.06082064 242143.167 7.06072638 242163.159 7.060632116325 3  1  869
 242183.150 7.06053785 242203.141 7.06044359 242227.131 7.060330476325 3  1  870
 242251.120 7.06021736 242275.110 7.06010424 242299.100 7.059991136325 3  1  871
 242323.090 7.05987801 242347.079 7.05976490 242371.069 7.059651786325 3  1  872
 242395.058 7.05953867 242419.048 7.05942556 242443.037 7.059312456325 3  1  873
 242467.027 7.05919933 242491.016 7.05908622 242515.006 7.058973116325 3  1  874
 242538.996 7.05886000 242562.986 7.05874689 242586.975 7.058633786325 3  1  875
 242610.965 7.05852067 242638.952 7.05838872 242666.940 7.058256776325 3  1  876
 242694.928 7.05812482 242722.916 7.05799288 242750.903 7.057860956325 3  1  877
 242778.891 7.05772902 242806.880 7.05759709 242834.868 7.057465176325 3  1  878
 242862.855 7.05733327 242890.843 7.05720138 242918.831 7.057069506325 3  1  879
 242946.819 7.05693764 242978.805 7.05678697 243010.791 7.056636336325 3  1  880
 243042.777 7.05648572 243074.764 7.05633516 243106.750 7.056184656325 3  1  881
 243134.737 7.05605301 243166.723 7.05590263 243198.709 7.055752336325 3  1  882
 243230.695 7.05560213 243262.681 7.05545204 243274.433 7.055396956325 3  1  883
 243294.667 7.05528048 243326.654 7.05509651 243358.640 7.054912736325 3  1  884
 243390.626 7.05472915 243430.609 7.05450000 243470.591 7.054271306325 3  1  885
 243510.574 7.05404309 243550.556 7.05381549 243590.540 7.053588576325 3  1  886
 243630.522 7.05336247 243670.505 7.05313730 243710.487 7.052913216325 3  1  887
 243750.470 7.05269034 243798.449 7.05242477 243846.429 7.052161526325 3  1  888
 243894.408 7.05190099 243942.387 7.05164354 243990.366 7.051389626325 3  1  889
 244046.341 7.05109843 244102.318 7.05081343 244158.293 7.050535456325 3  1  890
 244222.265 7.05022745 244286.237 7.04993105 244358.207 7.049613126325 3  1  891
 244430.175 7.04931341 244510.140 7.04900389 244590.105 7.048721206325 3  1  892
 244670.070 7.04846715 244766.028 7.04820197 244870.479 7.047963946325 3  1  893
 244929.864 7.04786108 244991.912 7.04759954 245126.838 7.047111316325 3  1  894
 245288.750 7.04662678 245417.940 7.04632947 245531.617 7.046074586325 3  1  895
 245909.410 7.04548070 257902.914 7.03187578 258962.185 7.030674186325 3  1  896
 259028.390 7.03059908 259061.492 7.03056153 259082.181 7.030538076325 3  1  897
 259102.870 7.03051460 259123.560 7.03049113 259144.248 7.030467666325 3  1  898
 259164.937 7.03044419 259185.626 7.03042072 259206.315 7.030397256325 3  1  899
 259227.003 7.03037379 259247.693 7.03035032 259268.382 7.030326856325 3  1  900
 259289.071 7.03030338 259309.759 7.03027991 259330.448 7.030256446325 3  1  901
 259351.137 7.03023297 259371.826 7.03020951 259392.515 7.030186046325 3  1  902
 259413.204 7.03016257 259438.031 7.03013441 259462.857 7.030106256325 3  1  903
 259487.684 7.03007808 259512.511 7.03004992 259537.338 7.030021766325 3  1  904
 259562.164 7.02999360 259586.991 7.02996544 259611.817 7.029937286325 3  1  905
 259636.644 7.02990912 259661.471 7.02988096 259686.298 7.029852806325 3  1  906
 259711.124 7.02982464 259735.951 7.02979648 259760.777 7.029768326325 3  1  907
 259785.605 7.02974016 259810.431 7.02971201 259835.258 7.029683856325 3  1  908
 259864.222 7.02965101 259893.186 7.02961817 259922.151 7.029585336325 3  1  909
 259951.116 7.02955249 259980.080 7.02951965 260009.044 7.029486836325 3  1  910
 260038.009 7.02945400 260066.974 7.02942119 260095.938 7.029388386325 3  1  911
 260124.902 7.02935558 260153.866 7.02932279 260182.832 7.029290016325 3  1  912
 260215.934 7.02925257 260249.036 7.02921516 260282.138 7.029177776325 3  1  913
 260315.241 7.02914041 260348.343 7.02910309 260381.445 7.029065826325 3  1  914
 260410.409 7.02903325 260443.512 7.02899609 260476.614 7.028959006325 3  1  915
 260509.716 7.02892199 260542.818 7.02888509 260575.921 7.028848296325 3  1  916
 260609.023 7.02881163 260642.125 7.02877512 260683.502 7.028729746325 3  1  917
 260724.881 7.02868467 260766.258 7.02863999 260807.636 7.028595756325 3  1  918
 260849.014 7.02855204 260890.392 7.02850893 260931.769 7.028466536325 3  1  919
 260973.148 7.02842493 261014.525 7.02838426 261064.178 7.028336866325 3  1  920
 261113.832 7.02829122 261163.485 7.02824762 261213.138 7.028206376325 3  1  921
 261262.792 7.02816778 261320.721 7.02812660 261378.650 7.028090126325 3  1  922
 261436.579 7.02805897 261502.784 7.02803076 261568.988 7.028011406325 3  1  923
 261635.193 7.02800191 261681.490 7.02800341 261709.672 7.027928186325 3  1  924
 261792.428 7.02772512 261875.183 7.02754251 261957.939 7.027381806325 3  1  925
 262057.245 7.02721945 262168.894 7.02707797 262298.914 7.026968256325 3  1  926
 262428.933 7.02691576 262594.790 7.02692637 262602.291 7.026906426325 3  1  927
 262833.436 7.02641057 263209.048 7.02579385 263625.206 7.025273286325 3  1  928
 268231.977 7.01670081 269035.249 7.01562017 272601.261 7.010822846325 3  1  929
 274356.505 7.00847010 299464.086 6.97465064 299983.630 6.972575766325 3  1  930
 301561.739 6.96597278 302145.686 6.96284940 304954.104 6.950365906325 3  1  931
 306105.578 6.94524757 306249.513 6.94460777 306272.003 6.944507806325 3  1  932
 306285.497 6.94444782 306294.493 6.94440784 306307.987 6.944347866325 3  1  933
 306316.983 6.94430787 306330.476 6.94424789 306339.472 6.944207906325 3  1  934
 306352.966 6.94414792 306361.962 6.94410793 306375.456 6.944047956325 3  1  935
 306384.452 6.94400797 306397.945 6.94394799 306406.941 6.943908006325 3  1  936
 306420.435 6.94384802 306429.431 6.94380803 306442.925 6.943748056325 3  1  937
 306451.921 6.94370806 306465.414 6.94364809 306474.410 6.943608106325 3  1  938
 306487.904 6.94354812 306496.900 6.94350813 306510.394 6.943448156325 3  1  939
 306519.390 6.94340816 306532.884 6.94334818 306541.879 6.943308206325 3  1  940
 306555.373 6.94324822 306564.369 6.94320823 306577.863 6.943148256325 3  1  941
 306586.859 6.94310826 306600.353 6.94304828 306609.348 6.943008306325 3  1  942
 306627.340 6.94292832 306636.336 6.94288834 306654.328 6.942808366325 3  1  943
 306663.324 6.94276838 306681.315 6.94268841 306690.311 6.942648426325 3  1  944
 306708.303 6.94256844 306717.299 6.94252846 306735.291 6.942448486325 3  1  945
 306744.287 6.94240850 306762.279 6.94232852 306771.275 6.942288546325 3  1  946
 306789.267 6.94220856 306798.263 6.94216858 306816.255 6.942088606325 3  1  947
 306825.250 6.94204862 306843.242 6.94196865 306852.238 6.941928666325 3  1  948
 306870.230 6.94184869 306879.226 6.94180870 306897.217 6.941728736325 3  1  949
 306906.213 6.94168875 306924.205 6.94160877 306933.201 6.941568796325 3  1  950
 306951.193 6.94148882 306960.189 6.94144883 306978.180 6.941368876325 3  1  951
 306987.176 6.94132888 307005.168 6.94124891 307014.164 6.941208936325 3  1  952
 307032.156 6.94112896 307041.151 6.94108898 307059.143 6.941009016325 3  1  953
 307068.139 6.94096903 307090.629 6.94086907 307099.625 6.940829096325 3  1  954
 307122.114 6.94072913 307131.110 6.94068915 307153.600 6.940589206325 3  1  955
 307162.596 6.94054922 307185.085 6.94044927 307194.081 6.940409296325 3  1  956
 307216.571 6.94030935 307225.567 6.94026937 307248.057 6.940169436325 3  1  957
 307257.052 6.94012946 307279.542 6.94002952 307288.538 6.939989556325 3  1  958
 307311.028 6.93988962 307320.024 6.93984965 307342.514 6.939749736325 3  1  959
 307351.510 6.93970976 307374.000 6.93960985 307382.996 6.939569896325 3  1  960
 307405.485 6.93946999 307414.481 6.93943003 307436.971 6.939330156325 3  1  961
 307445.967 6.93929019 307472.954 6.93917035 307481.950 6.939130416325 3  1  962
 307508.938 6.93901058 307517.934 6.93897065 307544.921 6.938850866325 3  1  963
 307553.917 6.93881093 307580.905 6.93869117 307589.901 6.938651266325 3  1  964
 307616.888 6.93853154 307625.884 6.93849164 307652.872 6.938371976325 3  1  965
 307661.868 6.93833209 307688.855 6.93821248 307697.851 6.938172626325 3  1  966
 307724.839 6.93805307 307733.835 6.93801323 307760.822 6.937893766325 3  1  967
 307769.818 6.93785395 307796.806 6.93773457 307805.802 6.937694796325 3  1  968
 307832.789 6.93757552 307841.785 6.93753578 307868.773 6.937416626325 3  1  969
 307877.769 6.93737693 307904.757 6.93725791 307913.753 6.937218266325 3  1  970
 307940.741 6.93709940 307949.737 6.93705982 307985.720 6.936901636325 3  1  971
 307994.716 6.93686212 308030.700 6.93670429 308039.696 6.936664886325 3  1  972
 308075.679 6.93650748 308084.675 6.93646818 308120.658 6.936311296325 3  1  973
 308129.654 6.93627213 308165.638 6.93611581 308174.634 6.936076806325 3  1  974
 308210.617 6.93592117 308219.613 6.93588235 308255.597 6.935727506325 3  1  975
 308264.592 6.93568888 308300.576 6.93553493 308309.572 6.935496556325 3  1  976
 308345.555 6.93534370 308363.547 6.93526755 308399.531 6.935116086325 3  1  977
 308417.522 6.93504070 308453.506 6.93489088 308471.498 6.934816386325 3  1  978
 308507.482 6.93466847 308525.474 6.93459498 308561.457 6.934449266325 3  1  979
 308579.449 6.93437693 308615.433 6.93423382 308642.420 6.934127486325 3  1  980
 308678.404 6.93398758 308705.391 6.93388386 308741.375 6.933747746325 3  1  981
 308768.362 6.93364702 308804.346 6.93351517 308831.334 6.933417926325 3  1  982
 308876.313 6.93325954 308903.301 6.93316648 308948.280 6.933015786325 3  1  983
 308975.268 6.93292770 309029.243 6.93275779 309056.231 6.932675596325 3  1  984
 309110.207 6.93251805 309128.198 6.93246767 309200.165 6.932276736325 3  1  985
 309218.157 6.93223142 309290.124 6.93206287 309308.116 6.932023336325 3  1  986
 309380.083 6.93188003 309416.066 6.93181438 309488.033 6.931700056325 3  1  987
 309524.017 6.93165009 309611.180 6.93155140 309645.300 6.931520436325 3  1  988
 309747.660 6.93145862 309798.840 6.93144073 309918.259 6.931439236325 3  1  989
 309969.438 6.93145219 310105.917 6.93153316 310130.749 6.931554646325 3  1  990
 310174.157 6.93154497 310378.876 6.93157097 310481.236 6.931611176325 3  1  991
 310668.798 6.93174579 310856.554 6.93176998 311129.512 6.931847436325 3  1  992
 311414.845 6.93196099 311887.857 6.93212745 312860.287 6.932154046325 3  1  993
 315115.148 6.93086040 317338.002 6.93226862 327332.635 6.932994196325 3  1  994
 347226.387 6.93443841 348454.790 6.93452759 348531.566 6.934533166325 3  1  995
 348569.954 6.93453595 348593.947 6.93453769 348617.938 6.934539436325 3  1  996
 348641.931 6.93454118 348665.923 6.93454292 348689.915 6.934544666325 3  1  997
 348713.907 6.93454640 348737.900 6.93454814 348761.891 6.934549886325 3  1  998
 348785.884 6.93455163 348809.876 6.93455337 348833.869 6.934555116325 3  1  999
 348857.861 6.93455685 348881.854 6.93455859 348905.846 6.934560346325 3  1 1000
 348929.838 6.93456208 348953.830 6.93456382 348977.823 6.934565566325 3  1 1001
 349006.613 6.93456765 349035.404 6.93456974 349064.194 6.934571836325 3  1 1002
 349092.985 6.93457392 349121.776 6.93457602 349150.567 6.934578116325 3  1 1003
 349179.358 6.93458020 349208.149 6.93458229 349236.939 6.934584386325 3  1 1004
 349265.730 6.93458647 349294.520 6.93458857 349323.311 6.934590666325 3  1 1005
 349352.102 6.93459275 349380.892 6.93459485 349409.683 6.934596946325 3  1 1006
 349438.474 6.93459904 349467.264 6.93460114 349500.853 6.934603596325 3  1 1007
 349534.442 6.93460604 349568.031 6.93460849 349601.620 6.934610956325 3  1 1008
 349635.209 6.93461341 349668.799 6.93461588 349702.387 6.934618356325 3  1 1009
 349735.977 6.93462083 349769.566 6.93462332 349803.156 6.934625826325 3  1 1010
 349836.744 6.93462832 349870.334 6.93463084 349908.721 6.934633746325 3  1 1011
 349947.109 6.93463666 349985.496 6.93463961 350023.884 6.934642606325 3  1 1012
 350062.272 6.93464562 350100.660 6.93464869 350134.249 6.934651426325 3  1 1013
 350172.636 6.93465461 350211.024 6.93465786 350249.411 6.934661206325 3  1 1014
 350287.799 6.93466465 350326.186 6.93466821 350364.574 6.934671906325 3  1 1015
 350402.962 6.93467575 350450.946 6.93468082 350498.931 6.934686226325 3  1 1016
 350546.915 6.93469200 350594.900 6.93469825 350642.884 6.934705036325 3  1 1017
 350690.869 6.93471243 350738.854 6.93472055 350786.838 6.934729496325 3  1 1018
 350834.822 6.93473938 350892.404 6.93475269 350949.985 6.934767806325 3  1 1019
 351007.567 6.93478501 351019.714 6.93478914 351065.148 6.934804616325 3  1 1020
 351122.730 6.93482694 351189.908 6.93485692 351257.086 6.934891736325 3  1 1021
 351324.265 6.93493200 351401.040 6.93498559 351477.815 6.935048246325 3  1 1022
 351554.590 6.93512103 351640.963 6.93521631 351736.932 6.935340496325 3  1 1023
 351778.022 6.93540263 351832.900 6.93528154 351928.869 6.935092256325 3  1 1024
 352044.032 6.93489639 352140.000 6.93476393 352169.844 6.934703376325 3  1 1025
 352254.785 6.93456227 352319.063 6.93445548 352409.169 6.934343916325 3  1 1026
 352486.361 6.93424833 352498.125 6.93423377 352510.484 6.934224036325 3  1 1027
 352534.606 6.93420503 352558.729 6.93418603 352582.851 6.934167046325 3  1 1028
 352606.974 6.93414804 352631.096 6.93412904 352655.219 6.934110046325 3  1 1029
 352679.341 6.93409104 352703.464 6.93407204 352707.032 6.934069236325 3  1 1030
 352727.586 6.93406270 352751.709 6.93405504 352775.831 6.934047386325 3  1 1031
 352799.954 6.93403972 352828.901 6.93403052 352857.848 6.934021336325 3  1 1032
 352886.795 6.93401213 352915.742 6.93400294 352944.689 6.933993756325 3  1 1033
 352973.636 6.93398455 353002.583 6.93397536 353005.469 6.933974446325 3  1 1034
 353031.530 6.93397785 353060.477 6.93398164 353089.424 6.933985426325 3  1 1035
 353118.371 6.93398921 353147.318 6.93399299 353176.265 6.933996786325 3  1 1036
 353205.212 6.93400057 353234.159 6.93400435 353262.844 6.934008116325 3  1 1037
 353263.106 6.93400813 353292.053 6.93401007 353325.824 6.934012356325 3  1 1038
 353359.596 6.93401462 353393.367 6.93401690 353427.139 6.934019186325 3  1 1039
 353460.910 6.93402145 353494.682 6.93402374 353512.813 6.934024966325 3  1 1040
 353528.453 6.93402878 353562.225 6.93403703 353595.996 6.934045286325 3  1 1041
 353629.768 6.93405353 353663.539 6.93406179 353697.311 6.934070056325 3  1 1042
 353735.907 6.93407950 353774.503 6.93408897 353813.099 6.934098446325 3  1 1043
 353851.695 6.93410793 353890.291 6.93411743 353924.062 6.934125776325 3  1 1044
 353962.658 6.93413531 354001.254 6.93414488 354039.850 6.934154486325 3  1 1045
 354078.446 6.93416412 354117.042 6.93417380 354155.638 6.934183536325 3  1 1046
 354194.234 6.93419331 354232.830 6.93420316 354281.075 6.934215576325 3  1 1047
 354329.320 6.93422812 354377.565 6.93424083 354425.810 6.934253736325 3  1 1048
 354474.055 6.93426685 354522.300 6.93428021 354570.545 6.934293886325 3  1 1049
 354618.790 6.93430787 354676.684 6.93432518 354734.578 6.934343146325 3  1 1050
 354792.472 6.93436184 354850.366 6.93438140 354874.408 6.934389946325 3  1 1051
 354908.260 6.93434968 354975.803 6.93427077 355005.000 6.934237426325 3  1 1052
 355043.346 6.93417268 355110.889 6.93406065 355178.432 6.933950866325 3  1 1053
 355255.624 6.93382850 355332.816 6.93370982 355419.657 6.933581236325 3  1 1054
 355482.500 6.93349209 355496.849 6.93345946 355593.339 6.933246966325 3  1 1055
 355689.829 6.93304278 355805.617 6.93280947 355921.405 6.932589546325 3  1 1056
 355960.000 6.93252120 356058.086 6.93226628 356215.022 6.931881636325 3  1 1057
 356411.192 6.93143357 356430.809 6.93139235 356666.213 6.930660256325 3  1 1058
 357019.319 6.92962505 357215.489 6.92907971 357460.395 6.928279596325 3  1 1059
 357921.701 6.92747101 359909.561 6.92405908 361802.919 6.921882756325 3  1 1060
 370211.002 6.91056883 398262.511 6.93171522 413420.023 6.943141586325 3  1 1061
 414760.018 6.94415172 414927.518 6.94427799 415011.268 6.944341126325 3  1 1062
 415053.143 6.94437269 415058.378 6.94437664 415084.549 6.944396366325 3  1 1063
 415110.721 6.94441609 415136.892 6.94443582 415163.065 6.944455556325 3  1 1064
 415189.236 6.94447528 415215.408 6.94449501 415241.579 6.944514746325 3  1 1065
 415267.751 6.94453447 415293.923 6.94455420 415320.095 6.944573936325 3  1 1066
 415346.266 6.94459366 415377.673 6.94461733 415409.078 6.944641016325 3  1 1067
 415440.484 6.94466468 415471.890 6.94468836 415503.297 6.944712046325 3  1 1068
 415534.703 6.94473571 415566.109 6.94475939 415597.515 6.944783066325 3  1 1069
 415628.922 6.94480674 415660.328 6.94483042 415691.734 6.944854106325 3  1 1070
 415723.140 6.94487777 415754.546 6.94490145 415785.952 6.944925136325 3  1 1071
 415817.358 6.94494881 415848.764 6.94497249 415880.171 6.944996176325 3  1 1072
 415916.811 6.94502380 415953.451 6.94505143 415990.092 6.945079066325 3  1 1073
 416026.732 6.94510669 416063.373 6.94513433 416100.012 6.945161976325 3  1 1074
 416136.653 6.94518961 416173.294 6.94521726 416209.935 6.945244926325 3  1 1075
 416246.575 6.94527258 416283.216 6.94530025 416319.856 6.945327926325 3  1 1076
 416361.731 6.94535957 416403.606 6.94539123 416445.480 6.945422906325 3  1 1077
 416487.355 6.94545460 416529.230 6.94548633 416571.105 6.945518096325 3  1 1078
 416612.979 6.94554989 416654.854 6.94558173 416696.729 6.945613626325 3  1 1079
 416738.604 6.94564557 416780.478 6.94567758 416822.353 6.945709686325 3  1 1080
 416864.228 6.94574187 416906.103 6.94577417 416958.447 6.945814716325 3  1 1081
 417010.791 6.94585547 417063.134 6.94589650 417115.477 6.945937846325 3  1 1082
 417167.821 6.94597954 417220.165 6.94602165 417272.507 6.946064256325 3  1 1083
 417324.851 6.94610740 417387.664 6.94616002 417450.475 6.946213716325 3  1 1084
 417513.288 6.94626863 417576.100 6.94632497 417638.913 6.946382946325 3  1 1085
 417712.194 6.94645291 417785.474 6.94652577 417858.755 6.946601926325 3  1 1086
 417932.036 6.94668178 418015.786 6.94677816 418099.535 6.946880636325 3  1 1087
 418193.753 6.94700402 418197.313 6.94700902 418277.503 6.946920566325 3  1 1088
 418382.191 6.94681653 418486.877 6.94672622 418612.501 6.946637176325 3  1 1089
 418738.126 6.94657018 418780.000 6.94655632 418895.396 6.946455576325 3  1 1090
 419056.949 6.94635088 419264.660 6.94626708 419518.529 6.946231916325 3  1 1091
 419887.794 6.94627843 420718.639 6.94657917 420863.233 6.946642096325 3  1 1092
 421126.655 6.94673680 425884.923 6.94682996 444076.508 6.955383176325 3  1 1093
 487244.844 6.98026912 498942.234 6.98701250 499815.968 6.988128496325 3  1 1094
 500000.000 6.98815310 501424.236 6.98807371 501738.082 6.988032816325 3  1 1095
 503527.050 6.98680438 503852.941 6.98674117 504209.290 6.987072656325 3  1 1096
 507054.100 6.99020843 516714.143 7.00299689 531396.803 7.020680746325 3  1 1097
 596978.741 7.09696681 729360.164 7.25095526 795526.862 7.327921576325 3  1 1098
 800000.000 7.33258481 805074.394 7.33709819 816432.545 7.348710946325 3  1 1099
 820412.113 7.35257502 831986.651 7.36339043 849676.202 7.376792356325 3  1 1100
 906228.983 7.41815849 1000000.00 7.48674833 1014108.20 7.494557936325 3  1 1101
 1021261.82 7.49819497 1035669.99 7.49993288 1042975.71 7.500725286325 3  1 1102
 1050281.43 7.50191493 1099464.28 7.50923246 1134380.23 7.514427346325 3  1 1103
 1208464.92 7.52534928 1225514.18 7.52827707 1234098.53 7.526405116325 3  1 1104
 1305229.90 7.51328889 1305293.94 7.51327702 1331721.66 7.509219886325 3  1 1105
 1336940.07 7.50841876 1369046.07 7.50461009 1400000.00 7.502541096325 3  1 1106
 1450000.00 7.48149028 1470456.89 7.47327312 1480829.64 7.469178276325 3  1 1107
 1500000.00 7.46181243 1521162.30 7.45550059 1555145.04 7.445969326325 3  1 1108
 1560933.86 7.44265866 1611286.56 7.41493493 1622573.12 7.405010906325 3  1 1109
 1622980.00 7.40466296 1634018.91 7.39522332 1643046.40 7.387638606325 3  1 1110
 1645464.71 7.38567315 1650000.00 7.38206721 1661639.27 7.373193496325 3  1 1111
 1700000.00 7.34464141 1711991.97 7.33601690 1723983.94 7.328055746325 3  1 1112
 1736145.10 7.32036006 1748306.25 7.31282486 1862119.25 7.242671746325 3  1 1113
 1900000.00 7.20864117 1913402.79 7.19919796 1967772.97 7.161263366325 3  1 1114
 1990397.54 7.14594806 2100000.00 7.07175469 2140330.10 7.051514496325 3  1 1115
 2174906.97 7.02668301 2205590.99 7.00503028 2332717.55 6.900220636325 3  1 1116
 2349057.51 6.88690043 2350000.00 6.88637519 2352086.76 6.884450626325 3  1 1117
 2427197.03 6.82781427 2684500.00 6.63379694 2986193.58 6.403325286325 3  1 1118
 3000000.00 6.39277820 3085246.32 6.33425384 3499842.44 6.046348436325 3  1 1119
 3500000.00 6.04623663 3624844.95 5.94940273 3640261.54 5.939463086325 3  1 1120
 4424400.00 5.43390038 4486820.32 5.39546014 4503351.70 5.388214176325 3  1 1121
 4518470.80 5.38158723 4923900.00 5.20136064 5063814.79 5.140324996325 3  1 1122
 5458571.82 5.01050798 5485900.00 5.00152050 5602540.22 4.963371356325 3  1 1123
 5621981.84 4.95912229 5785500.03 4.92338536 5883955.22 4.901868566325 3  1 1124
 5976460.73 4.88591053 6000000.00 4.88185004 6042324.60 4.875008546325 3  1 1125
 6084649.20 4.86818183 6144331.44 4.85855982 6170492.65 4.854342346325 3  1 1126
 6307348.97 4.84508468 6500000.00 4.83205473 6545851.65 4.829470846325 3  1 1127
 6591703.30 4.82689567 6767985.01 4.81699969 6779009.46 4.816380906325 3  1 1128
 7000000.00 4.81264187 7098757.40 4.81612240 7148832.74 4.817886026325 3  1 1129
 7190499.99 4.81950055 7198908.09 4.81982651 7423781.87 4.828542606325 3  1 1130
 7613400.00 4.83589577 7775274.75 4.84227146 7829738.12 4.844421116325 3  1 1131
 7831087.03 4.84447438 7987300.00 4.85064820 8000000.00 4.851150936325 3  1 1132
 8022434.44 4.85535367 8056432.80 4.86172413 8112865.60 4.863283146325 3  1 1133
 8214137.83 4.87022575 8330151.11 4.87818447 8443655.67 4.885972186325 3  1 1134
 8641716.64 4.89957234 8750000.00 4.90701470 8902995.18 4.910971696325 3  1 1135
 8936040.93 4.91182915 9000000.00 4.91348940 9063486.90 4.921853226325 3  1 1136
 9126973.80 4.93021880 9185388.62 4.93409101 9410002.06 4.949001016325 3  1 1137
 9500000.00 4.95498045 9634027.90 4.96122754 9701987.30 4.964398196325 3  1 1138
 9734540.03 4.96591713 9769946.69 4.96757309 10053283.0 4.980833156325 3  1 1139
 10308834.6 4.99282754 10489425.5 5.00132240 10500000.0 5.001820656325 3  1 1140
 10574068.1 5.00523880 10648136.1 5.00866145 10723249.1 5.012172506325 3  1 1141
 10908503.7 5.02083365 11328571.8 5.04054808 11500000.0 5.048604016325 3  1 1142
 11581122.2 5.05339218 11662244.3 5.05818655 11691248.5 5.059900996325 3  1 1143
 11744510.9 5.06305158 12164322.7 5.07086424 12500000.0 5.077144956325 3  1 1144
 12588176.3 5.08047044 12676352.5 5.08380416 13500000.0 5.114907226325 3  1 1145
 13595230.4 5.12040320 13690460.7 5.12590082 13787034.6 5.131479506325 3  1 1146
 14100000.0 5.14951137 14199462.8 5.15385287 14446000.0 5.169122836325 3  1 1147
 14547903.5 5.17577822 14649807.1 5.18243518 14753148.3 5.185597316325 3  1 1148
 16000000.0 5.22375436 16112865.6 5.22731238 16225731.2 5.230825406325 3  1 1149
 16454647.1 5.24056527 16500000.0 5.24249502 16732785.3 5.246218816325 3  1 1150
 17000000.0 5.25045180 17239839.4 5.23571262 17500000.0 5.221834636325 3  1 1151
 17623446.8 5.21293899 17729717.0 5.20528127 17746893.5 5.204043606325 3  1 1152
 18000000.0 5.18572864 18126973.8 5.17373263 18253947.6 5.161736726325 3  1 1153
 18382712.8 5.14957175 18511477.9 5.13795505 18642059.8 5.126174616325 3  1 1154
 18952532.8 5.09816591 19000000.0 5.09196531 19268055.8 5.052265846325 3  1 1155
 19539893.4 5.01291245 19677729.7 4.99295822 19815566.1 4.973004086325 3  1 1156
 19907783.1 4.95965420 20000000.0 4.94630439                      6325 3  1 1157
                                                                  6325 3  0 1158
 63151.0000 149.620000          0          0          0          06325 3  2 1159
 0.0        0.0                 0          0          1        1266325 3  2 1160
        126          2                                            6325 3  2 1161
 1.00000E-5 6179.75995 1.25126E-5 5524.55312 1.56566E-5 4938.814096325 3  2 1162
 1.95905E-5 4415.17755 2.45129E-5 3947.05910 3.06721E-5 3528.572446325 3  2 1163
 3.83789E-5 3154.45537 4.80221E-5 2820.00360 6.00883E-5 2521.011616325 3  2 1164
 7.51862E-5 2253.71975 9.40778E-5 2014.76702 1.17716E-4 1801.148716325 3  2 1165
 1.47294E-4 1610.17872 1.84303E-4 1439.45572 2.30612E-4 1286.832986325 3  2 1166
 2.88556E-4 1150.39135 3.61060E-4 1028.41518 4.51781E-4 919.3706826325 3  2 1167
 5.65297E-4 821.886698 7.07336E-4 734.737429 8.85063E-4 656.8270276325 3  2 1168
 .001107447 587.175820 .001385708 524.907991 .001733885 469.2405656325 3  2 1169
 .002169547 419.473565 .002714674 374.981208 .003396773 335.2040446325 3  2 1170
 .004250257 299.641912 .005318191 267.847665 .006654457 239.4215376325 3  2 1171
 .008326477 214.006130 .010418616 191.281920 .013036432 170.9632436325 3  2 1172
 .016312009 152.794720 .020410618 136.548051 .025241880 122.7383176325 3  2 1173
 .025300000 122.596675 .031656962 109.542176 .039611195 97.86660196325 3  2 1174
 .049564035 87.4237342 .062017658 78.0830925 .077600420 69.72838186325 3  2 1175
 .097098559 62.2561561 .121495864 55.5746861 .152593969 49.50882936325 3  2 1176
 .190935234 44.1862451 .238910253 39.4403109 .298939635 35.21902376325 3  2 1177
 .374052197 31.4793322 .468112047 28.1847010 .585731430 25.31354086325 3  2 1178
 .732904248 22.8438519 .917056196 20.7598407 1.15497981 18.99938426325 3  2 1179
 1.46557281 17.5585966 1.89913654 16.3582165 2.60166046 15.25345046325 3  2 1180
 3.80663127 14.1542882 5.49236519 13.2600712 9.41547450 12.15308376325 3  2 1181
 12.2485054 11.6834658 12.9181931 11.6598570 14.8540035 11.87565156325 3  2 1182
 16.7309026 12.5351021 19.2530546 13.9992554 26.0152864 18.77460526325 3  2 1183
 28.0641394 20.7628937 30.0510568 23.4460013 32.2186506 27.33587536325 3  2 1184
 37.7090335 38.9448681 40.1207806 42.6843760 42.3205242 44.49798406325 3  2 1185
 43.7011670 44.8017447 46.1731236 43.8990602 49.2744967 40.83207096325 3  2 1186
 57.1165639 30.4756962 60.3038616 27.2831427 63.1818605 25.40052356325 3  2 1187
 65.8477151 24.5534051 67.3041803 24.4362358 70.5031100 24.91291576325 3  2 1188
 74.9980140 26.7746894 85.4863369 32.1578876 92.6260850 34.56619346325 3  2 1189
 100.000000 35.7504841 105.763832 35.9644493 191.836103 32.66336436325 3  2 1190
 280.031117 30.9587578 381.119149 29.2420988 537.174426 27.02461146325 3  2 1191
 817.794453 24.3854457 1113.00890 22.7266739 1659.24945 20.80860706325 3  2 1192
 2543.73583 18.7125982 4010.71895 16.7539845 6235.43632 15.04952616325 3  2 1193
 10039.9802 13.2583322 14351.3587 12.0372500 22945.9598 10.45942546325 3  2 1194
 32343.1337 9.39625123 42206.9227 8.63309849 59908.8591 7.734263506325 3  2 1195
 75486.8411 7.12404758 102022.095 6.39143813 154230.500 5.710652766325 3  2 1196
 211386.645 5.34493789 315115.148 4.86926013 370211.002 4.683115136325 3  2 1197
 503852.941 4.51217035 800000.000 4.46627478 1000000.00 4.469856666325 3  2 1198
 1555145.04 4.38103284 2140330.10 4.11686096 3624844.95 3.125616986325 3  2 1199
 4486820.32 2.66288586 5063814.79 2.45556397 5602540.22 2.319841806325 3  2 1200
 6170492.65 2.23838607 6779009.46 2.20803331 7000000.00 2.205675226325 3  2 1201
 8112865.60 2.27617891 11744510.9 2.65489169 14649807.1 2.840072636325 3  2 1202
 17000000.0 2.90824907 18952532.8 2.85002463 20000000.0 2.776454576325 3  2 1203
                                                                  6325 3  0 1204
 63151.0000 149.620000          0          0          0          06325 3  4 1205
 0.0       -21500.0000          0          0          1       10766325 3  4 1206
       1076          2                                            6325 3  4 1207
 20438.8002 0.0        20740.1001 3.7665E-11 20758.9314 6.9992E-116325 3  4 1208
 20768.3470 9.4985E-11 20774.2318 1.1478E-10 20780.1166 1.3855E-106325 3  4 1209
 20786.0014 1.6703E-10 20791.8861 2.0114E-10 20797.7709 2.4194E-106325 3  4 1210
 20803.6556 2.9068E-10 20809.5404 3.4882E-10 20815.4251 4.1812E-106325 3  4 1211
 20821.3100 5.0060E-10 20827.1947 5.9866E-10 20833.0795 7.1511E-106325 3  4 1212
 20838.9642 8.5323E-10 20844.8490 1.01685E-9 20850.7337 1.21046E-96325 3  4 1213
 20856.6186 1.43930E-9 20862.5033 1.70942E-9 20868.3881 2.02793E-96325 3  4 1214
 20875.4498 2.48566E-9 20882.5115 3.04171E-9 20889.5732 3.71605E-96325 3  4 1215
 20896.6350 4.53248E-9 20903.6967 5.51925E-9 20910.7584 6.70988E-96325 3  4 1216
 20917.8201 8.14409E-9 20924.8818 9.86879E-9 20931.9436 1.19394E-86325 3  4 1217
 20939.0053 1.44209E-8 20946.0670 1.73902E-8 20953.1287 2.09369E-86325 3  4 1218
 20960.1904 2.51663E-8 20967.2521 3.02015E-8 20974.3139 3.61860E-86325 3  4 1219
 20981.3756 4.32868E-8 20988.4373 5.16981E-8 20996.6759 6.34703E-86325 3  4 1220
 21004.9146 7.77543E-8 21013.1533 9.50469E-8 21021.3920 1.15935E-76325 3  4 1221
 21029.6306 1.41108E-7 21037.8693 1.71380E-7 21046.1080 2.07699E-76325 3  4 1222
 21054.3467 2.51178E-7 21062.5853 3.03109E-7 21070.8240 3.65002E-76325 3  4 1223
 21079.0626 4.38599E-7 21087.3014 5.25924E-7 21096.7170 6.45534E-76325 3  4 1224
 21106.1326 7.90173E-7 21115.5482 9.64574E-7 21124.9639 1.17426E-66325 3  4 1225
 21134.3795 1.42564E-6 21142.6181 1.68562E-6 21152.0337 2.03611E-66325 3  4 1226
 21161.4494 2.45288E-6 21170.8650 2.94703E-6 21180.2806 3.53128E-66325 3  4 1227
 21189.6962 4.22012E-6 21199.1119 5.02999E-6 21208.5275 5.97947E-66325 3  4 1228
 21217.9431 7.08952E-6 21229.7126 8.73902E-6 21241.4822 1.07286E-56325 3  4 1229
 21253.2517 1.31181E-5 21265.0212 1.59755E-5 21276.7908 1.93778E-56325 3  4 1230
 21288.5603 2.34117E-5 21300.3298 2.81742E-5 21312.0994 3.37733E-56325 3  4 1231
 21326.2228 4.17653E-5 21340.3462 5.13633E-5 21354.4697 6.28215E-56325 3  4 1232
 21368.5931 7.64196E-5 21382.7166 9.24631E-5 21399.1939 1.14712E-46325 3  4 1233
 21415.6712 1.41303E-4 21432.1486 1.72836E-4 21448.6259 2.09946E-46325 3  4 1234
 21467.4572 2.60028E-4 21486.2884 3.19253E-4 21507.4736 3.98055E-46325 3  4 1235
 21526.3048 4.80001E-4 21549.8439 5.99633E-4 21573.3830 7.39865E-46325 3  4 1236
 21601.6298 9.37188E-4 21629.8766 .001167718 21663.0849 .0014822466325 3  4 1237
 21701.2547 .001901355 21748.9668 .002506937 21806.2214 .0033379546325 3  4 1238
 21892.1033 .004742962 22084.8367 .008216750 50000.0000 .5241662256325 3  4 1239
 50705.4100 .526041482 99667.2866 .522141100 193834.418 .5437020146325 3  4 1240
 194131.615 .543770062 194753.314 .543912408 194983.038 .5439650076325 3  4 1241
 195051.211 .543980616 195097.900 .543991306 195155.331 .5440044566325 3  4 1242
 195166.161 .544006936 195187.637 .544011853 195194.899 .5440135166325 3  4 1243
 195209.173 .544016784 195212.860 .544017628 195230.710 .5440217156325 3  4 1244
 195230.821 .544021741 195248.781 .544025853 195252.247 .5440266476325 3  4 1245
 195266.742 .544029966 195273.783 .544031578 195284.703 .5440340786325 3  4 1246
 195295.320 .544036509 195302.664 .544038191 195316.857 .5440414406325 3  4 1247
 195320.625 .544042303 195338.393 .544046371 195338.585 .5440464156325 3  4 1248
 195356.547 .544050528 195359.930 .544051303 195374.508 .5440546416325 3  4 1249
 195381.466 .544056234 195392.468 .544058753 195403.003 .5440611656325 3  4 1250
 195410.429 .544062866 195424.540 .544066097 195428.391 .5440669796325 3  4 1251
 195446.076 .544071028 195446.351 .544071091 195467.613 .5440759606325 3  4 1252
 195467.904 .544076027 195489.150 .544080892 195489.457 .5440809626325 3  4 1253
 195510.686 .544085823 195511.009 .544085897 195532.563 .5440908336325 3  4 1254
 195535.812 .544091577 195554.116 .544095769 195560.938 .5440973316325 3  4 1255
 195575.669 .544100705 195586.064 .544103086 195597.222 .5441056416325 3  4 1256
 195611.190 .544108840 195618.775 .544110577 195636.316 .5441145956325 3  4 1257
 195640.328 .544115514 195661.442 .544120351 195661.882 .5441204516325 3  4 1258
 195683.434 .544125389 195686.567 .544126106 195704.987 .5441303276325 3  4 1259
 195711.694 .544131863 195726.540 .544135265 195736.819 .5441376216325 3  4 1260
 195748.093 .544140204 195761.946 .544143379 195769.646 .5441451446325 3  4 1261
 195787.071 .544149139 195791.199 .544150085 195812.198 .5441549006325 3  4 1262
 195812.752 .544155027 195837.898 .544160794 195840.913 .5441614866325 3  4 1263
 195863.043 .544166563 195869.629 .544168075 195888.189 .5441723356325 3  4 1264
 195898.344 .544174667 195913.333 .544178109 195927.060 .5441812636325 3  4 1265
 195938.478 .544183887 195955.775 .544187863 195963.623 .5441896686325 3  4 1266
 195984.491 .544194470 195988.769 .544195454 196009.617 .5442002566325 3  4 1267
 196013.914 .544201246 196038.332 .544206876 196039.059 .5442070436325 3  4 1268
 196064.205 .544212849 196067.048 .544213506 196089.350 .5442186636325 3  4 1269
 196095.763 .544220148 196114.495 .544224487 196124.479 .5442268046325 3  4 1270
 196143.232 .544231157 196153.194 .544233475 196171.970 .5442378466325 3  4 1271
 196181.910 .544240166 196200.707 .544244557 196210.625 .5442468806325 3  4 1272
 196229.445 .544251293 196246.519 .544255310 196258.182 .5442580586325 3  4 1273
 196282.414 .544263790 196286.920 .544264858 196315.657 .5442716986325 3  4 1274
 196318.308 .544272333 196344.395 .544278588 196354.203 .5442809546325 3  4 1275
 196373.132 .544285532 196390.097 .544289664 196401.869 .5442925396325 3  4 1276
 196425.991 .544298478 196430.606 .544299618 196459.344 .5443067836325 3  4 1277
 196461.886 .544307423 196488.081 .544314047 196497.780 .5443165306325 3  4 1278
 196516.819 .544321422 196533.674 .544325823 196552.741 .5443308236325 3  4 1279
 196576.748 .544337247 196588.663 .544340453 196619.821 .5443490346325 3  4 1280
 196624.584 .544350354 196660.505 .544360573 196662.894 .5443612736325 3  4 1281
 196696.428 .544371167 196705.967 .544374077 196732.349 .5443821856325 3  4 1282
 196749.041 .544387507 196768.271 .544393691 196799.293 .5444040806325 3  4 1283
 196804.193 .544405738 196840.115 .544418435 196849.545 .5444219496325 3  4 1284
 196883.220 .544434628 196899.797 .544441269 196926.327 .5444520206325 3  4 1285
 196957.228 .544465403 196969.433 .544470757 197012.539 .5444910406325 3  4 1286
 197014.659 .544492121 197062.829 .544517012 197079.269 .5445263096325 3  4 1287
 197113.119 .544545699 197136.700 .544560521 197163.410 .5445775366325 3  4 1288
 197208.489 .544609096 197213.701 .544612798 197271.176 .5446579966325 3  4 1289
 197280.277 .544665981 197328.650 .544708951 197352.066 .5447322796325 3  4 1290
 197393.309 .544773891 197438.213 .544824544 197450.784 .5448389126325 3  4 1291
 197522.627 .544930940 197531.770 .544944167 197594.470 .5450359386325 3  4 1292
 197640.618 .545111647 197666.314 .545154300 197752.526 .5453150176325 3  4 1293
 197771.236 .545354557 197853.606 .545530335 197923.624 .5456993086325 3  4 1294
 197962.620 .545794266 198093.436 .546152700 198141.320 .5462993686325 3  4 1295
 198246.054 .546622401 198464.081 .547368150 198511.403 .5475455966325 3  4 1296
 198856.529 .548844730 217615.083 .622826918 240735.777 .7108032426325 3  4 1297
 241759.333 .714697964 241823.306 .714941387 241843.298 .7150174596325 3  4 1298
 241863.289 .715093526 241883.280 .715169594 241903.271 .7152456626325 3  4 1299
 241923.263 .715321733 241943.254 .715397801 241963.245 .7154738686325 3  4 1300
 241983.236 .715549936 242003.228 .715626007 242023.219 .7157020756325 3  4 1301
 242043.211 .715778146 242063.202 .715854214 242083.194 .7159302856325 3  4 1302
 242103.185 .716006353 242123.176 .716082421 242143.167 .7161584896325 3  4 1303
 242163.159 .716234560 242183.150 .716310628 242203.141 .7163866966325 3  4 1304
 242227.131 .716477981 242251.120 .716569262 242275.110 .7166605476325 3  4 1305
 242299.100 .716751832 242323.090 .716843117 242347.079 .7169343996325 3  4 1306
 242371.069 .717025685 242395.058 .717116967 242419.048 .7172082546325 3  4 1307
 242443.037 .717299537 242467.027 .717390825 242491.016 .7174821106325 3  4 1308
 242515.006 .717573399 242538.996 .717664690 242562.986 .7177559816325 3  4 1309
 242586.975 .717847270 242610.965 .717938565 242638.952 .7180450726325 3  4 1310
 242666.940 .718151587 242694.928 .718258105 242722.916 .7183646286325 3  4 1311
 242750.903 .718471152 242778.891 .718577686 242806.880 .7186842326325 3  4 1312
 242834.868 .718790783 242862.855 .718897341 242890.843 .7190039146325 3  4 1313
 242918.831 .719110503 242946.819 .719217108 242978.805 .7193389676325 3  4 1314
 243010.791 .719460857 243042.777 .719582784 243074.764 .7197047596325 3  4 1315
 243106.750 .719826783 243134.737 .719933602 243166.723 .7200557506325 3  4 1316
 243198.709 .720177982 243230.695 .720300312 243262.681 .7204227556325 3  4 1317
 243274.433 .720467790 243294.667 .720523722 243326.654 .7206122946325 3  4 1318
 243358.640 .720701040 243390.626 .720789990 243430.609 .7209015126325 3  4 1319
 243470.591 .721013463 243510.574 .721125926 243550.556 .7212389846325 3  4 1320
 243590.540 .721352743 243630.522 .721467304 243670.505 .7215828016325 3  4 1321
 243710.487 .721699369 243750.470 .721817167 243798.449 .7219603866325 3  4 1322
 243846.429 .722105947 243894.408 .722254205 243942.387 .7224055576325 3  4 1323
 243990.366 .722560426 244046.341 .722746167 244102.318 .7229381076325 3  4 1324
 244158.293 .723137054 244222.265 .723374115 244286.237 .7236227776325 3  4 1325
 244358.207 .723918047 244430.175 .724231527 244510.140 .7246033386325 3  4 1326
 244590.105 .725001972 244670.070 .725429244 244766.028 .7259816546325 3  4 1327
 244870.479 .726633583 244929.864 .727036702 244991.912 .7273038336325 3  4 1328
 245126.838 .727965215 245288.750 .728860217 245417.940 .7296636506325 3  4 1329
 245531.617 .730377324 245909.410 .733002355 257902.914 .8215857676325 3  4 1330
 258962.185 .829409489 259028.390 .829898476 259061.492 .8301429666325 3  4 1331
 259082.181 .830295774 259102.870 .830448582 259123.560 .8306013976325 3  4 1332
 259144.248 .830754197 259164.937 .830907005 259185.626 .8310598136325 3  4 1333
 259206.315 .831212621 259227.003 .831365422 259247.693 .8315182376325 3  4 1334
 259268.382 .831671045 259289.071 .831823853 259309.759 .8319766546325 3  4 1335
 259330.448 .832129462 259351.137 .832282270 259371.826 .8324350786325 3  4 1336
 259392.515 .832587886 259413.204 .832740694 259438.031 .8329240666325 3  4 1337
 259462.857 .833107430 259487.684 .833290801 259512.511 .8334741736325 3  4 1338
 259537.338 .833657545 259562.164 .833840910 259586.991 .8340242826325 3  4 1339
 259611.817 .834207647 259636.644 .834391020 259661.471 .8345743936325 3  4 1340
 259686.298 .834757767 259711.124 .834941133 259735.951 .8351245086325 3  4 1341
 259760.777 .835307876 259785.605 .835491260 259810.431 .8356746306325 3  4 1342
 259835.258 .835858009 259864.222 .836071946 259893.186 .8362858856325 3  4 1343
 259922.151 .836499835 259951.116 .836713788 259980.080 .8369277386325 3  4 1344
 260009.044 .837141692 260038.009 .837355659 260066.974 .8375696326325 3  4 1345
 260095.938 .837783606 260124.902 .837997590 260153.866 .8382115846325 3  4 1346
 260182.832 .838425605 260215.934 .838670205 260249.036 .8389148276325 3  4 1347
 260282.138 .839159477 260315.241 .839404168 260348.343 .8396488906325 3  4 1348
 260381.445 .839893657 260410.409 .840107871 260443.512 .8403527556325 3  4 1349
 260476.614 .840597704 260509.716 .840842738 260542.818 .8410878706325 3  4 1350
 260575.921 .841333124 260609.023 .841578502 260642.125 .8418240326325 3  4 1351
 260683.502 .842131190 260724.881 .842438686 260766.258 .8427465496325 3  4 1352
 260807.636 .843054867 260849.014 .843363707 260890.392 .8436731536325 3  4 1353
 260931.769 .843983294 260973.148 .844294257 261014.525 .8446061306325 3  4 1354
 261064.178 .844981787 261113.832 .845359218 261163.485 .8457386816325 3  4 1355
 261213.138 .846120485 261262.792 .846504963 261320.721 .8469573536325 3  4 1356
 261378.650 .847414447 261436.579 .847876876 261502.784 .8484127516325 3  4 1357
 261568.988 .848957467 261635.193 .849512069 261681.490 .8499080256325 3  4 1358
 261709.672 .850072917 261792.428 .850574963 261875.183 .8510974496325 3  4 1359
 261957.939 .851641853 262057.245 .852325617 262168.894 .8531354176325 3  4 1360
 262298.914 .854133509 262428.933 .855188823 262594.790 .8566125806325 3  4 1361
 262602.291 .856656547 262833.436 .858130124 263209.048 .8607137346325 3  4 1362
 263625.206 .863738955 272601.261 .923514684 274356.505 .9352122556325 3  4 1363
 299464.086 1.10237295 299983.630 1.10445689 301561.739 1.110486306325 3  4 1364
 304954.104 1.11949645 306105.578 1.12255478 306249.513 1.122937076325 3  4 1365
 306272.003 1.12299681 306285.497 1.12303265 306294.493 1.123056546325 3  4 1366
 306307.987 1.12309238 306316.983 1.12311627 306330.476 1.123152116325 3  4 1367
 306339.472 1.12317600 306352.966 1.12321184 306361.962 1.123235746325 3  4 1368
 306375.456 1.12327158 306384.452 1.12329547 306397.945 1.123331316325 3  4 1369
 306406.941 1.12335520 306420.435 1.12339104 306429.431 1.123414946325 3  4 1370
 306442.925 1.12345078 306451.921 1.12347467 306465.414 1.123510516325 3  4 1371
 306474.410 1.12353440 306487.904 1.12357024 306496.900 1.123594146325 3  4 1372
 306510.394 1.12362998 306519.390 1.12365387 306532.884 1.123689716325 3  4 1373
 306541.879 1.12371360 306555.373 1.12374944 306564.369 1.123773336325 3  4 1374
 306577.863 1.12380918 306586.859 1.12383307 306600.353 1.123868916325 3  4 1375
 306609.348 1.12389280 306627.340 1.12394059 306636.336 1.123964486325 3  4 1376
 306654.328 1.12401227 306663.324 1.12403616 306681.315 1.124083956325 3  4 1377
 306690.311 1.12410784 306708.303 1.12415563 306717.299 1.124179526325 3  4 1378
 306735.291 1.12422731 306744.287 1.12425120 306762.279 1.124298996325 3  4 1379
 306771.275 1.12432289 306789.267 1.12437067 306798.263 1.124394576325 3  4 1380
 306816.255 1.12444236 306825.250 1.12446625 306843.242 1.124514046325 3  4 1381
 306852.238 1.12453793 306870.230 1.12458572 306879.226 1.124609616325 3  4 1382
 306897.217 1.12465740 306906.213 1.12468130 306924.205 1.124729096325 3  4 1383
 306933.201 1.12475298 306951.193 1.12480077 306960.189 1.124824676325 3  4 1384
 306978.180 1.12487246 306987.176 1.12489635 307005.168 1.124944146325 3  4 1385
 307014.164 1.12496804 307032.156 1.12501583 307041.151 1.125039736325 3  4 1386
 307059.143 1.12508752 307068.139 1.12511142 307090.629 1.125171166325 3  4 1387
 307099.625 1.12519506 307122.114 1.12525481 307131.110 1.125278706325 3  4 1388
 307153.600 1.12533845 307162.596 1.12536235 307185.085 1.125422106325 3  4 1389
 307194.081 1.12544601 307216.571 1.12550576 307225.567 1.125529676325 3  4 1390
 307248.057 1.12558943 307257.052 1.12561333 307279.542 1.125673106325 3  4 1391
 307288.538 1.12569701 307311.028 1.12575678 307320.024 1.125780696325 3  4 1392
 307342.514 1.12584047 307351.510 1.12586438 307374.000 1.125924186325 3  4 1393
 307382.996 1.12594809 307405.485 1.12600789 307414.481 1.126031816325 3  4 1394
 307436.971 1.12609163 307445.967 1.12611556 307472.954 1.126187356325 3  4 1395
 307481.950 1.12621129 307508.938 1.12628311 307517.934 1.126307056325 3  4 1396
 307544.921 1.12637890 307553.917 1.12640285 307580.905 1.126474736325 3  4 1397
 307589.901 1.12649870 307616.888 1.12657062 307625.884 1.126594606325 3  4 1398
 307652.872 1.12666658 307661.868 1.12669058 307688.855 1.126762606325 3  4 1399
 307697.851 1.12678662 307724.839 1.12685871 307733.835 1.126882766325 3  4 1400
 307760.822 1.12695493 307769.818 1.12697900 307796.806 1.127051266325 3  4 1401
 307805.802 1.12707536 307832.789 1.12714772 307841.785 1.127171866325 3  4 1402
 307868.773 1.12724435 307877.769 1.12726853 307904.757 1.127341166325 3  4 1403
 307913.753 1.12736539 307940.741 1.12743818 307949.737 1.127462476325 3  4 1404
 307985.720 1.12755980 307994.716 1.12758417 308030.700 1.127681866325 3  4 1405
 308039.696 1.12770633 308075.679 1.12780445 308084.675 1.127829046325 3  4 1406
 308120.658 1.12792766 308129.654 1.12795238 308165.638 1.128051586325 3  4 1407
 308174.634 1.12807646 308210.617 1.12817634 308219.613 1.128201406325 3  4 1408
 308255.597 1.12830207 308264.592 1.12832733 308300.576 1.128428916325 3  4 1409
 308309.572 1.12845441 308345.555 1.12855707 308363.547 1.128608696325 3  4 1410
 308399.531 1.12871274 308417.522 1.12876511 308453.506 1.128870826325 3  4 1411
 308471.498 1.12892408 308507.482 1.12903169 308525.474 1.129085976325 3  4 1412
 308561.457 1.12919576 308579.449 1.12925119 308615.433 1.129363616325 3  4 1413
 308642.420 1.12944890 308678.404 1.12956453 308705.391 1.129652456325 3  4 1414
 308741.375 1.12977185 308768.362 1.12986276 308804.346 1.129986436325 3  4 1415
 308831.334 1.13008083 308876.313 1.13024184 308903.301 1.130340426325 3  4 1416
 308948.280 1.13050912 308975.268 1.13061269 309029.243 1.130826066325 3  4 1417
 309056.231 1.13093550 309110.207 1.13116125 309128.198 1.131238626325 3  4 1418
 309200.165 1.13155871 309218.157 1.13164117 309290.124 1.131983666325 3  4 1419
 309308.116 1.13207188 309380.083 1.13243963 309416.066 1.132629496325 3  4 1420
 309488.033 1.13302620 309524.017 1.13323177 309611.180 1.133752026325 3  4 1421
 309645.300 1.13396334 309747.660 1.13462839 309798.840 1.134973936325 3  4 1422
 309918.259 1.13582043 309969.438 1.13619682 310105.917 1.137246936325 3  4 1423
 310130.749 1.13744474 310174.157 1.13774331 310378.876 1.139223036325 3  4 1424
 310481.236 1.13999009 310668.798 1.14145660 310856.554 1.142814056325 3  4 1425
 311129.512 1.14482978 311414.845 1.14696951 311887.857 1.150494846325 3  4 1426
 312860.287 1.15742669 347226.387 1.38174541 348454.790 1.389763606325 3  4 1427
 348531.566 1.39026474 348569.954 1.39051531 348593.947 1.390671926325 3  4 1428
 348617.938 1.39082852 348641.931 1.39098513 348665.923 1.391141736325 3  4 1429
 348689.915 1.39129834 348713.907 1.39145494 348737.900 1.391611556325 3  4 1430
 348761.891 1.39176815 348785.884 1.39192476 348809.876 1.392081366325 3  4 1431
 348833.869 1.39223797 348857.861 1.39239457 348881.854 1.392551186325 3  4 1432
 348905.846 1.39270779 348929.838 1.39286439 348953.830 1.393021006325 3  4 1433
 348977.823 1.39317761 349006.613 1.39336553 349035.404 1.393553466325 3  4 1434
 349064.194 1.39374138 349092.985 1.39392931 349121.776 1.394117246325 3  4 1435
 349150.567 1.39430517 349179.358 1.39449310 349208.149 1.394681036325 3  4 1436
 349236.939 1.39486895 349265.730 1.39505688 349294.520 1.395244806325 3  4 1437
 349323.311 1.39543274 349352.102 1.39562067 349380.892 1.395808596325 3  4 1438
 349409.683 1.39599653 349438.474 1.39618446 349467.264 1.396372396325 3  4 1439
 349500.853 1.39659165 349534.442 1.39681091 349568.031 1.397030176325 3  4 1440
 349601.620 1.39724944 349635.209 1.39746871 349668.799 1.397687996325 3  4 1441
 349702.387 1.39790726 349735.977 1.39812655 349769.566 1.398345856325 3  4 1442
 349803.156 1.39856516 349836.744 1.39878447 349870.334 1.399003806325 3  4 1443
 349908.721 1.39925448 349947.109 1.39950519 349985.496 1.399755916325 3  4 1444
 350023.884 1.40000668 350062.272 1.40025749 350100.660 1.400508356325 3  4 1445
 350134.249 1.40072788 350172.636 1.40097884 350211.024 1.401229886325 3  4 1446
 350249.411 1.40148100 350287.799 1.40173223 350326.186 1.401983576325 3  4 1447
 350364.574 1.40223505 350402.962 1.40248668 350450.946 1.402801476325 3  4 1448
 350498.931 1.40311660 350546.915 1.40343211 350594.900 1.403748096325 3  4 1449
 350642.884 1.40406459 350690.869 1.40438172 350738.854 1.404699576325 3  4 1450
 350786.838 1.40501824 350834.822 1.40533785 350892.404 1.405722836325 3  4 1451
 350949.985 1.40610962 351007.567 1.40649850 351019.714 1.406581046325 3  4 1452
 351065.148 1.40688977 351122.730 1.40728378 351189.908 1.407747386325 3  4 1453
 351257.086 1.40821580 351324.265 1.40868969 351401.040 1.409238846325 3  4 1454
 351477.815 1.40979706 351554.590 1.41036541 351640.963 1.411018206325 3  4 1455
 351736.932 1.41176183 351778.022 1.41208920 351832.900 1.412322336325 3  4 1456
 351928.869 1.41275250 352044.032 1.41329999 352140.000 1.413786976325 3  4 1457
 352169.844 1.41391905 352254.785 1.41432621 352319.063 1.414634336325 3  4 1458
 352409.169 1.41510436 352486.361 1.41550704 352498.125 1.415568406325 3  4 1459
 352510.484 1.41563844 352534.606 1.41577515 352558.729 1.415911866325 3  4 1460
 352582.851 1.41604856 352606.974 1.41618527 352631.096 1.416321976325 3  4 1461
 352655.219 1.41645868 352679.341 1.41659538 352703.464 1.416732096325 3  4 1462
 352707.032 1.41675231 352727.586 1.41687845 352751.709 1.417026506325 3  4 1463
 352775.831 1.41717454 352799.954 1.41732258 352828.901 1.417500236325 3  4 1464
 352857.848 1.41767788 352886.795 1.41785553 352915.742 1.418033186325 3  4 1465
 352944.689 1.41821083 352973.636 1.41838849 353002.583 1.418566146325 3  4 1466
 353005.469 1.41858385 353031.530 1.41875547 353060.477 1.418946106325 3  4 1467
 353089.424 1.41913674 353118.371 1.41932737 353147.318 1.419518006325 3  4 1468
 353176.265 1.41970863 353205.212 1.41989926 353234.159 1.420089896325 3  4 1469
 353262.844 1.42027880 353263.106 1.42028051 353292.053 1.420469306325 3  4 1470
 353325.824 1.42068956 353359.596 1.42090982 353393.367 1.421130086325 3  4 1471
 353427.139 1.42135035 353460.910 1.42157061 353494.682 1.421790886325 3  4 1472
 353512.813 1.42190914 353528.453 1.42201391 353562.225 1.422240146325 3  4 1473
 353595.996 1.42246637 353629.768 1.42269262 353663.539 1.422918866325 3  4 1474
 353697.311 1.42314511 353735.907 1.42340369 353774.503 1.423662286325 3  4 1475
 353813.099 1.42392088 353851.695 1.42417950 353890.291 1.424438136325 3  4 1476
 353924.062 1.42466444 353962.658 1.42492311 354001.254 1.425181816325 3  4 1477
 354039.850 1.42544054 354078.446 1.42569930 354117.042 1.425958116325 3  4 1478
 354155.638 1.42621696 354194.234 1.42647587 354232.830 1.426734856325 3  4 1479
 354281.075 1.42705867 354329.320 1.42738263 354377.565 1.427706756325 3  4 1480
 354425.810 1.42803105 354474.055 1.42835558 354522.300 1.428680356325 3  4 1481
 354570.545 1.42900542 354618.790 1.42933083 354676.684 1.429721836325 3  4 1482
 354734.578 1.43011347 354792.472 1.43050586 354850.366 1.430899126325 3  4 1483
 354874.408 1.43106284 354908.260 1.43124108 354975.803 1.431598156325 3  4 1484
 355005.000 1.43175326 355043.346 1.43193603 355110.889 1.432259976325 3  4 1485
 355178.432 1.43258616 355255.624 1.43296204 355332.816 1.433341626325 3  4 1486
 355419.657 1.43377357 355482.500 1.43409006 355496.849 1.434150056325 3  4 1487
 355593.339 1.43456037 355689.829 1.43497900 355805.617 1.435493086325 3  4 1488
 355921.405 1.43602052 355960.000 1.43620130 356058.086 1.436579506325 3  4 1489
 356215.022 1.43720783 356411.192 1.43802599 356430.809 1.438111406325 3  4 1490
 356666.213 1.43889877 357019.319 1.44014277 357215.489 1.440863666325 3  4 1491
 357921.701 1.44311483 359909.561 1.44952389 361802.919 1.456701666325 3  4 1492
 413420.023 1.64225907 414760.018 1.64707620 414927.518 1.647678346325 3  4 1493
 415011.268 1.64797941 415053.143 1.64812995 415058.378 1.648148776325 3  4 1494
 415084.549 1.64824285 415110.721 1.64833693 415136.892 1.648431026325 3  4 1495
 415163.065 1.64852511 415189.236 1.64861919 415215.408 1.648713276325 3  4 1496
 415241.579 1.64880735 415267.751 1.64890144 415293.923 1.648995526325 3  4 1497
 415320.095 1.64908961 415346.266 1.64918369 415377.673 1.649296606325 3  4 1498
 415409.078 1.64940949 415440.484 1.64952240 415471.890 1.649635306325 3  4 1499
 415503.297 1.64974820 415534.703 1.64986110 415566.109 1.649974016325 3  4 1500
 415597.515 1.65008691 415628.922 1.65019981 415660.328 1.650312726325 3  4 1501
 415691.734 1.65042562 415723.140 1.65053852 415754.546 1.650651436325 3  4 1502
 415785.952 1.65076433 415817.358 1.65087723 415848.764 1.650990146325 3  4 1503
 415880.171 1.65110305 415916.811 1.65123477 415953.451 1.651366506325 3  4 1504
 415990.092 1.65149823 416026.732 1.65162996 416063.373 1.651761706325 3  4 1505
 416100.012 1.65189343 416136.653 1.65202517 416173.294 1.652156926325 3  4 1506
 416209.935 1.65228867 416246.575 1.65242043 416283.216 1.652552196325 3  4 1507
 416319.856 1.65268397 416361.731 1.65283458 416403.606 1.652985216325 3  4 1508
 416445.480 1.65313585 416487.355 1.65328652 416529.230 1.653437226325 3  4 1509
 416571.105 1.65358794 416612.979 1.65373871 416654.854 1.653889516325 3  4 1510
 416696.729 1.65404037 416738.604 1.65419129 416780.478 1.654342276325 3  4 1511
 416822.353 1.65449334 416864.228 1.65464450 416906.103 1.654795766325 3  4 1512
 416958.447 1.65498502 417010.791 1.65517449 417063.134 1.655364236325 3  4 1513
 417115.477 1.65555428 417167.821 1.65574469 417220.165 1.655935516325 3  4 1514
 417272.507 1.65612681 417324.851 1.65631867 417387.664 1.656549756325 3  4 1515
 417450.475 1.65678189 417513.288 1.65701526 417576.100 1.657250066325 3  4 1516
 417638.913 1.65748648 417712.194 1.65776464 417785.474 1.658045696325 3  4 1517
 417858.755 1.65833004 417932.036 1.65861809 418015.786 1.658952416325 3  4 1518
 418099.535 1.65929281 418193.753 1.65968388 418197.313 1.659698996325 3  4 1519
 418277.503 1.65983835 418382.191 1.66003175 418486.877 1.660238866325 3  4 1520
 418612.501 1.66050671 418738.126 1.66079663 418780.000 1.660901736325 3  4 1521
 418895.396 1.66112883 419056.949 1.66148312 419264.660 1.661989436325 3  4 1522
 419518.529 1.66267552 419887.794 1.66377113 420718.639 1.666432336325 3  4 1523
 420863.233 1.66690605 421126.655 1.66774916 444076.508 1.733399916325 3  4 1524
 498942.234 1.89618264 499815.968 1.89938723 500000.000 1.899851766325 3  4 1525
 501424.236 1.90317693 501738.082 1.90388626 503527.050 1.906934266325 3  4 1526
 504209.290 1.90800750 507054.100 1.91297229 516714.143 1.931971476325 3  4 1527
 531396.803 1.95909522 795526.862 2.43615268 800000.000 2.443691836325 3  4 1528
 805074.394 2.45059038 816432.545 2.46502323 820412.113 2.469875396325 3  4 1529
 831986.651 2.48356462 849676.202 2.50135864 1014108.20 2.662460686325 3  4 1530
 1021261.82 2.66914658 1035669.99 2.67702523 1050281.43 2.684837396325 3  4 1531
 1134380.23 2.72861968 1208464.92 2.76708802 1225514.18 2.776355116325 3  4 1532
 1234098.53 2.77767501 1305229.90 2.79100707 1336940.07 2.796918186325 3  4 1533
 1369046.07 2.80402325 1400000.00 2.81247638 1450000.00 2.808421996325 3  4 1534
 1470456.89 2.80715871 1480829.64 2.80658987 1500000.00 2.805740576325 3  4 1535
 1521162.30 2.80662241 1560933.86 2.80898701 1611286.56 2.813053986325 3  4 1536
 1622573.12 2.81025584 1634018.91 2.80769468 1645464.71 2.805304566325 3  4 1537
 1650000.00 2.80443757 1661639.27 2.80259300 1700000.00 2.797207656325 3  4 1538
 1711991.97 2.79582529 1723983.94 2.79510630 1736145.10 2.794754966325 3  4 1539
 1748306.25 2.79456408 1862119.25 2.79314464 1900000.00 2.781990926325 3  4 1540
 1913402.79 2.78064189 2100000.00 2.76314051 2205590.99 2.771722526325 3  4 1541
 2332717.55 2.76695433 2349057.51 2.76649276 2350000.00 2.766709206325 3  4 1542
 2352086.76 2.76642680 2684500.00 2.77736354 3000000.00 2.772383176325 3  4 1543
 3085246.32 2.77584933 3499842.44 2.78943529 3500000.00 2.789438076325 3  4 1544
 4424400.00 2.71943426 4518470.80 2.71339396 4923900.00 2.684840586325 3  4 1545
 5458571.82 2.64810881 5485900.00 2.64623085 5883955.22 2.618060776325 3  4 1546
 6000000.00 2.61519051 6042324.60 2.61451896 6084649.20 2.613862206325 3  4 1547
 6170492.65 2.61253647 6500000.00 2.60745622 6545851.65 2.607230496325 3  4 1548
 6591703.30 2.60701347 7000000.00 2.60509156 7098757.40 2.602381616325 3  4 1549
 7148832.74 2.60100632 7198908.09 2.59980775 7775274.75 2.586008516325 3  4 1550
 7829738.12 2.58470909 8056432.80 2.57930489 8330151.11 2.529053236325 3  4 1551
 8750000.00 2.45197765 8936040.93 2.35405111 9000000.00 2.320385576325 3  4 1552
 9063486.90 2.28697060 9126973.80 2.25355739 9634027.90 1.953492286325 3  4 1553
 9701987.30 1.91327822 9769946.69 1.87306456 10500000.0 1.441091246325 3  4 1554
 10574068.1 1.41153892 10648136.1 1.38199114 10723249.1 1.352066586325 3  4 1555
 11500000.0 1.04262098 11581122.2 1.02163733 11662244.3 1.000659936325 3  4 1556
 12500000.0 .784032106 12588176.3 .769156722 13500000.0 .6153994566325 3  4 1557
 13595230.4 .604423284 13690460.7 .593448780 14199462.8 .5348088656325 3  4 1558
 14446000.0 .510915128 14547903.5 .504773623 14649807.1 .4986336856325 3  4 1559
 14753148.3 .492407454 16000000.0 .417290190 16112865.6 .4112120026325 3  4 1560
 16225731.2 .405136916 16454647.1 .395430027 17239839.4 .3621362586325 3  4 1561
 17623446.8 .348981753 17729717.0 .345337745 18000000.0 .3360704716325 3  4 1562
 18126973.8 .332380510 18253947.6 .328690652 18382712.8 .3249489096325 3  4 1563
 18511477.9 .321776138 18642059.8 .318558762 19268055.8 .3031362136325 3  4 1564
 19539893.4 .297376515 19677729.7 .294456104 19815566.1 .2915357866325 3  4 1565
 19907783.1 .289582089 20000000.0 .287628448                      6325 3  4 1566
                                                                  6325 3  0 1567
 63151.0000 149.620000          0          0          0          06325 3 16 1568
-7934200.00-7934200.00          0          0          1         176325 3 16 1569
         17          2                                            6325 3 16 1570
 8000000.00 0.0        8750000.00 .110470000 9000000.00 .2221600006325 3 16 1571
 9500000.00 .498190000 10500000.0 1.02970000 11500000.0 1.366500006325 3 16 1572
 12500000.0 1.57330000 13500000.0 1.70580000 14100000.0 1.763400006325 3 16 1573
 14446000.0 1.79120000 16000000.0 1.79880000 16500000.0 1.742490006325 3 16 1574
 17000000.0 1.61968000 17500000.0 1.46237000 18000000.0 1.291690006325 3 16 1575
 19000000.0 .969821000 20000000.0 .721418000                      6325 3 16 1576
                                                                  6325 3  0 1577
 63151.0000 149.620000          0          0          0          06325 3 17 1578
-14350000.0-14350000.0          0          0          1          86325 3 17 1579
          8          2                                            6325 3 17 1580
 14446000.0 0.0        16000000.0 .060968800 16500000.0 .1346850006325 3 17 1581
 17000000.0 .261189000 17500000.0 .412488000 18000000.0 .5675670006325 3 17 1582
 19000000.0 .830583000 20000000.0 1.00224000                      6325 3 17 1583
                                                                  6325 3  0 1584
 63151.0000 149.620000          0          0          0          06325 3 22 1585
 1964300.00 1964300.00          0          0          1         126325 3 22 1586
         12          2                                            6325 3 22 1587
 11500000.0 0.0        12500000.0 2.84660E-4 13500000.0 7.96810E-46325 3 22 1588
 14100000.0 .001216100 14446000.0 .001531800 16000000.0 .0036427006325 3 22 1589
 16500000.0 .004701500 17000000.0 .005799000 17500000.0 .0070130006325 3 22 1590
 18000000.0 .008311700 19000000.0 .011109000 20000000.0 .0140440006325 3 22 1591
                                                                  6325 3  0 1592
 63151.0000 149.620000          0          0          0          06325 3 28 1593
-4891200.00-4891200.00          0          0          1         126325 3 28 1594
         12          2                                            6325 3 28 1595
 11500000.0 0.0        12500000.0 3.45270E-4 13500000.0 .0013007006325 3 28 1596
 14100000.0 .002104000 14446000.0 .002636000 16000000.0 .0066255006325 3 28 1597
 16500000.0 .008886500 17000000.0 .011539000 17500000.0 .0147370006325 3 28 1598
 18000000.0 .018479000 19000000.0 .027829000 20000000.0 .0398160006325 3 28 1599
                                                                  6325 3  0 1600
 63151.0000 149.620000          0          1          0          06325 3 51 1601
 0.0       -21500.0000          0          0          1        1276325 3 51 1602
        127          2                                            6325 3 51 1603
 20438.8002 0.0        20740.1001 3.7665E-11 20758.9314 6.9992E-116325 3 51 1604
 20768.3470 9.4985E-11 20774.2318 1.1478E-10 20780.1166 1.3855E-106325 3 51 1605
 20786.0014 1.6703E-10 20791.8861 2.0114E-10 20797.7709 2.4194E-106325 3 51 1606
 20803.6556 2.9068E-10 20809.5404 3.4882E-10 20815.4251 4.1812E-106325 3 51 1607
 20821.3100 5.0060E-10 20827.1947 5.9866E-10 20833.0795 7.1511E-106325 3 51 1608
 20838.9642 8.5323E-10 20844.8490 1.01685E-9 20850.7337 1.21046E-96325 3 51 1609
 20856.6186 1.43930E-9 20862.5033 1.70942E-9 20868.3881 2.02793E-96325 3 51 1610
 20875.4498 2.48566E-9 20882.5115 3.04171E-9 20889.5732 3.71605E-96325 3 51 1611
 20896.6350 4.53248E-9 20903.6967 5.51925E-9 20910.7584 6.70988E-96325 3 51 1612
 20917.8201 8.14409E-9 20924.8818 9.86879E-9 20931.9436 1.19394E-86325 3 51 1613
 20939.0053 1.44209E-8 20946.0670 1.73902E-8 20953.1287 2.09369E-86325 3 51 1614
 20960.1904 2.51663E-8 20967.2521 3.02015E-8 20974.3139 3.61860E-86325 3 51 1615
 20981.3756 4.32868E-8 20988.4373 5.16981E-8 20996.6759 6.34703E-86325 3 51 1616
 21004.9146 7.77543E-8 21013.1533 9.50469E-8 21021.3920 1.15935E-76325 3 51 1617
 21029.6306 1.41108E-7 21037.8693 1.71380E-7 21046.1080 2.07699E-76325 3 51 1618
 21054.3467 2.51178E-7 21062.5853 3.03109E-7 21070.8240 3.65002E-76325 3 51 1619
 21079.0626 4.38599E-7 21087.3014 5.25924E-7 21096.7170 6.45534E-76325 3 51 1620
 21106.1326 7.90173E-7 21115.5482 9.64574E-7 21124.9639 1.17426E-66325 3 51 1621
 21134.3795 1.42564E-6 21142.6181 1.68562E-6 21152.0337 2.03611E-66325 3 51 1622
 21161.4494 2.45288E-6 21170.8650 2.94703E-6 21180.2806 3.53128E-66325 3 51 1623
 21189.6962 4.22012E-6 21199.1119 5.02999E-6 21208.5275 5.97947E-66325 3 51 1624
 21217.9431 7.08952E-6 21229.7126 8.73902E-6 21241.4822 1.07286E-56325 3 51 1625
 21253.2517 1.31181E-5 21265.0212 1.59755E-5 21276.7908 1.93778E-56325 3 51 1626
 21288.5603 2.34117E-5 21300.3298 2.81742E-5 21312.0994 3.37733E-56325 3 51 1627
 21326.2228 4.17653E-5 21340.3462 5.13633E-5 21354.4697 6.28215E-56325 3 51 1628
 21368.5931 7.64196E-5 21382.7166 9.24631E-5 21399.1939 1.14712E-46325 3 51 1629
 21415.6712 1.41303E-4 21432.1486 1.72836E-4 21448.6259 2.09946E-46325 3 51 1630
 21467.4572 2.60028E-4 21486.2884 3.19253E-4 21507.4736 3.98055E-46325 3 51 1631
 21526.3048 4.80001E-4 21549.8439 5.99633E-4 21573.3830 7.39865E-46325 3 51 1632
 21601.6298 9.37188E-4 21629.8766 .001167718 21663.0849 .0014822466325 3 51 1633
 21701.2547 .001901355 21748.9668 .002506937 21806.2214 .0033379546325 3 51 1634
 21892.1033 .004742962 22084.8367 .008216750 50000.0000 .5241662256325 3 51 1635
 50705.4100 .526041482 99667.2866 .522141100 217615.083 .5491469386325 3 51 1636
 243274.433 .551459794 299983.630 .496009369 312860.287 .4886598066325 3 51 1637
 359909.561 .433526297 444076.508 .382613962 507054.100 .3512142596325 3 51 1638
 1014108.20 .210752092 1234098.53 .155448552 1369046.07 .1260680606325 3 51 1639
 1500000.00 .101726551 1622573.12 .082706499 1711991.97 .0709909356325 3 51 1640
 1900000.00 .050866926 2100000.00 .035650823 2332717.55 .0237327366325 3 51 1641
 2349057.51 .023047225 2352086.76 .023701368 2684500.00 .1514054936325 3 51 1642
 3085246.32 .156656700 3499842.44 .158817651 4518470.80 .1486900666325 3 51 1643
 6000000.00 .124748877 7148832.74 .116371211 10648136.1 .1032841026325 3 51 1644
 12500000.0 .097302370 16000000.0 .076367671 18000000.0 .0771894216325 3 51 1645
 20000000.0 .088464162                                            6325 3 51 1646
                                                                  6325 3  0 1647
 63151.0000 149.620000          0          2          0          06325 3 52 1648
 0.0       -196200.000          0          0          1        1106325 3 52 1649
        110          2                                            6325 3 52 1650
 193834.418 0.0        194753.314 1.2161E-12 194983.038 1.3473E-116325 3 52 1651
 195097.900 4.1832E-11 195155.331 7.2449E-11 195187.637 9.8179E-116325 3 52 1652
 195209.173 1.1999E-10 195230.710 1.4640E-10 195252.247 1.7835E-106325 3 52 1653
 195273.783 2.1691E-10 195295.320 2.6339E-10 195316.857 3.1933E-106325 3 52 1654
 195338.393 3.8652E-10 195359.930 4.6711E-10 195381.466 5.6360E-106325 3 52 1655
 195403.003 6.7894E-10 195424.540 8.1659E-10 195446.076 9.8058E-106325 3 52 1656
 195467.613 1.17566E-9 195489.150 1.40731E-9 195510.686 1.68194E-96325 3 52 1657
 195535.812 2.06667E-9 195560.938 2.53397E-9 195586.064 3.10029E-96325 3 52 1658
 195611.190 3.78510E-9 195636.316 4.61134E-9 195661.442 5.60601E-96325 3 52 1659
 195686.567 6.80074E-9 195711.694 8.23276E-9 195736.819 9.94515E-96325 3 52 1660
 195761.946 1.19886E-8 195787.071 1.44213E-8 195812.198 1.73116E-86325 3 52 1661
 195840.913 2.12758E-8 195869.629 2.60767E-8 195898.344 3.18740E-86325 3 52 1662
 195927.060 3.88549E-8 195955.775 4.72365E-8 195984.491 5.72722E-86325 3 52 1663
 196009.617 6.76383E-8 196038.332 8.15966E-8 196067.048 9.81736E-86325 3 52 1664
 196095.763 1.17804E-7 196124.479 1.40986E-7 196153.194 1.68285E-76325 3 52 1665
 196181.910 2.00342E-7 196210.625 2.37880E-7 196246.519 2.93765E-76325 3 52 1666
 196282.414 3.61311E-7 196318.308 4.42597E-7 196354.203 5.40001E-76325 3 52 1667
 196390.097 6.56214E-7 196425.991 7.94282E-7 196461.886 9.57622E-76325 3 52 1668
 196497.780 1.15004E-6 196533.674 1.37575E-6 196576.748 1.69716E-66325 3 52 1669
 196619.821 2.08214E-6 196662.894 2.54054E-6 196705.967 3.08313E-66325 3 52 1670
 196749.041 3.72165E-6 196799.293 4.60464E-6 196849.545 5.65674E-66325 3 52 1671
 196899.797 6.90064E-6 196957.228 8.58758E-6 197014.659 1.05926E-56325 3 52 1672
 197079.269 1.32742E-5 197136.700 1.60769E-5 197208.489 2.01895E-56325 3 52 1673
 197280.277 2.50362E-5 197352.066 3.06698E-5 197438.213 3.85247E-56325 3 52 1674
 197531.770 4.84527E-5 197640.618 6.18452E-5 197771.236 8.04400E-56325 3 52 1675
 197923.624 1.05286E-4 198141.320 1.45527E-4 198511.403 2.21829E-46325 3 52 1676
 245417.940 .010572060 272601.261 .018176237 311414.845 .0292236276325 3 52 1677
 353262.844 .039205205 420863.233 .051032023 501424.236 .0590384066325 3 52 1678
 800000.000 .066443326 1021261.82 .058624115 1470456.89 .0362764496325 3 52 1679
 1650000.00 .028585221 1748306.25 .025088011 1913402.79 .0197469846325 3 52 1680
 2100000.00 .014990567 2350000.00 .010305886 2684500.00 .0058609436325 3 52 1681
 3000000.00 .003539566 3500000.00 .001572681 4424400.00 6.59561E-46325 3 52 1682
 4923900.00 6.38563E-4 5485900.00 7.14218E-4 6170492.65 6.47512E-46325 3 52 1683
 6591703.30 6.17399E-4 7098757.40 5.94263E-4 9634027.90 4.17873E-46325 3 52 1684
 10723249.1 3.53266E-4 11662244.3 3.06206E-4 12588176.3 2.68500E-46325 3 52 1685
 13690460.7 2.34307E-4 14753148.3 2.09456E-4 16454647.1 1.75995E-46325 3 52 1686
 19815566.1 1.15534E-4 20000000.0 1.12396E-4                      6325 3 52 1687
                                                                  6325 3  0 1688
 63151.0000 149.620000          0          3          0          06325 3 53 1689
 0.0       -196500.000          0          0          1        1266325 3 53 1690
        126          2                                            6325 3 53 1691
 194131.615 0.0        195051.211 1.9422E-11 195166.161 6.6170E-116325 3 53 1692
 195194.899 8.9247E-11 195212.860 1.0744E-10 195230.821 1.2919E-106325 3 53 1693
 195248.781 1.5517E-10 195266.742 1.8616E-10 195284.703 2.2309E-106325 3 53 1694
 195302.664 2.6705E-10 195320.625 3.1931E-10 195338.585 3.8136E-106325 3 53 1695
 195356.547 4.5496E-10 195374.508 5.4215E-10 195392.468 6.4532E-106325 3 53 1696
 195410.429 7.6727E-10 195428.391 9.1125E-10 195446.351 1.08101E-96325 3 53 1697
 195467.904 1.32503E-9 195489.457 1.62151E-9 195511.009 1.98112E-96325 3 53 1698
 195532.563 2.41665E-9 195554.116 2.94316E-9 195575.669 3.57865E-96325 3 53 1699
 195597.222 4.34438E-9 195618.775 5.26554E-9 195640.328 6.37183E-96325 3 53 1700
 195661.882 7.69834E-9 195683.434 9.28603E-9 195704.987 1.11835E-86325 3 53 1701
 195726.540 1.34472E-8 195748.093 1.61436E-8 195769.646 1.93500E-86325 3 53 1702
 195791.199 2.31566E-8 195812.752 2.76684E-8 195837.898 3.39871E-86325 3 53 1703
 195863.043 4.16592E-8 195888.189 5.09545E-8 195913.333 6.21901E-86325 3 53 1704
 195938.478 7.57424E-8 195963.623 9.20520E-8 195988.769 1.11638E-76325 3 53 1705
 196013.914 1.35103E-7 196039.059 1.63156E-7 196064.205 1.96620E-76325 3 53 1706
 196089.350 2.36450E-7 196114.495 2.83751E-7 196143.232 3.48608E-76325 3 53 1707
 196171.970 4.27127E-7 196200.707 5.21908E-7 196229.445 6.35999E-76325 3 53 1708
 196258.182 7.72936E-7 196286.920 9.36836E-7 196315.657 1.13244E-66325 3 53 1709
 196344.395 1.36523E-6 196373.132 1.64149E-6 196401.869 1.96841E-66325 3 53 1710
 196430.606 2.35420E-6 196459.344 2.80820E-6 196488.081 3.34094E-66325 3 53 1711
 196516.819 3.96438E-6 196552.741 4.89176E-6 196588.663 6.01166E-66325 3 53 1712
 196624.584 7.35819E-6 196660.505 8.97031E-6 196696.428 1.08922E-56325 3 53 1713
 196732.349 1.31735E-5 196768.271 1.58701E-5 196804.193 1.90441E-56325 3 53 1714
 196840.115 2.27643E-5 196883.220 2.80565E-5 196926.327 3.43895E-56325 3 53 1715
 196969.433 4.19227E-5 197012.539 5.08308E-5 197062.829 6.32149E-56325 3 53 1716
 197113.119 7.80535E-5 197163.410 9.56950E-5 197213.701 1.16507E-46325 3 53 1717
 197271.176 1.44665E-4 197328.650 1.78050E-4 197393.309 2.22588E-46325 3 53 1718
 197450.784 2.69020E-4 197522.627 3.36975E-4 197594.470 4.16839E-46325 3 53 1719
 197666.314 5.09415E-4 197752.526 6.38120E-4 197853.606 8.14200E-46325 3 53 1720
 197962.620 .001034547 198093.436 .001338847 198246.054 .0017431596325 3 53 1721
 198464.081 .002394036 198856.529 .003694848 244929.864 .1646887486325 3 53 1722
 263625.206 .183595014 311887.857 .202964892 418780.000 .2111725256325 3 53 1723
 516714.143 .205383853 831986.651 .167811267 1336940.07 .0943961456325 3 53 1724
 1500000.00 .073750554 1645464.71 .058197358 1723983.94 .0511882406325 3 53 1725
 1900000.00 .037451774 2100000.00 .026125337 2350000.00 .0165372486325 3 53 1726
 2684500.00 .008504925 3000000.00 .004727442 3500000.00 .0018604356325 3 53 1727
 4424400.00 8.17797E-4 4923900.00 7.85971E-4 5485900.00 8.10864E-46325 3 53 1728
 6042324.60 6.73820E-4 6500000.00 5.87302E-4 7775274.75 4.41436E-46325 3 53 1729
 8330151.11 3.90542E-4 9000000.00 3.35560E-4 9634027.90 2.93629E-46325 3 53 1730
 10574068.1 2.40961E-4 11581122.2 1.96936E-4 12588176.3 1.63093E-46325 3 53 1731
 13595230.4 1.37229E-4 14446000.0 1.20075E-4 16112865.6 9.41721E-56325 3 53 1732
 17623446.8 7.68034E-5 19268055.8 6.04458E-5 20000000.0 5.39706E-56325 3 53 1733
                                                                  6325 3  0 1734
 63151.0000 149.620000          0          4          0          06325 3 54 1735
 0.0       -243200.000          0          0          1        1336325 3 54 1736
        133          2                                            6325 3 54 1737
 240735.777 0.0        241759.333 4.3501E-11 241823.306 8.0762E-116325 3 54 1738
 241843.298 9.7755E-11 241863.289 1.1819E-10 241883.280 1.4273E-106325 3 54 1739
 241903.271 1.7217E-10 241923.263 2.0745E-10 241943.254 2.4968E-106325 3 54 1740
 241963.245 3.0015E-10 241983.236 3.6043E-10 242003.228 4.3233E-106325 3 54 1741
 242023.219 5.1798E-10 242043.211 6.1990E-10 242063.202 7.4103E-106325 3 54 1742
 242083.194 8.8485E-10 242103.185 1.05538E-9 242123.176 1.25737E-96325 3 54 1743
 242143.167 1.49632E-9 242163.159 1.77871E-9 242183.150 2.11201E-96325 3 54 1744
 242203.141 2.50494E-9 242227.131 3.06961E-9 242251.120 3.75549E-96325 3 54 1745
 242275.110 4.58728E-9 242299.100 5.59431E-9 242323.090 6.81148E-96325 3 54 1746
 242347.079 8.28013E-9 242371.069 1.00494E-8 242395.058 1.21773E-86325 3 54 1747
 242419.048 1.47322E-8 242443.037 1.77947E-8 242467.027 2.14598E-86325 3 54 1748
 242491.016 2.58385E-8 242515.006 3.10616E-8 242538.996 3.72814E-86325 3 54 1749
 242562.986 4.46760E-8 242586.975 5.34522E-8 242610.965 6.38522E-86325 3 54 1750
 242638.952 7.84126E-8 242666.940 9.60882E-8 242694.928 1.17497E-76325 3 54 1751
 242722.916 1.43370E-7 242750.903 1.74567E-7 242778.891 2.12103E-76325 3 54 1752
 242806.880 2.57166E-7 242834.868 3.11143E-7 242862.855 3.75653E-76325 3 54 1753
 242890.843 4.52588E-7 242918.831 5.44135E-7 242946.819 6.52830E-76325 3 54 1754
 242978.805 8.01827E-7 243010.791 9.82151E-7 243042.777 1.19977E-66325 3 54 1755
 243074.764 1.46164E-6 243106.750 1.77587E-6 243134.737 2.10112E-66325 3 54 1756
 243166.723 2.53999E-6 243198.709 3.06233E-6 243230.695 3.68227E-66325 3 54 1757
 243262.681 4.41595E-6 243294.667 5.28181E-6 243326.654 6.30085E-66325 3 54 1758
 243358.640 7.49673E-6 243390.626 8.89626E-6 243430.609 1.09783E-56325 3 54 1759
 243470.591 1.34929E-5 243510.574 1.65167E-5 243550.556 2.01372E-56325 3 54 1760
 243590.540 2.44539E-5 243630.522 2.95784E-5 243670.505 3.56362E-56325 3 54 1761
 243710.487 4.27671E-5 243750.470 5.11260E-5 243798.449 6.30188E-56325 3 54 1762
 243846.429 7.72520E-5 243894.408 9.41844E-5 243942.387 1.14210E-46325 3 54 1763
 243990.366 1.37754E-4 244046.341 1.70283E-4 244102.318 2.09005E-46325 3 54 1764
 244158.293 2.54740E-4 244222.265 3.16700E-4 244286.237 3.90261E-46325 3 54 1765
 244358.207 4.88539E-4 244430.175 6.05031E-4 244510.140 7.57966E-46325 3 54 1766
 244590.105 9.37724E-4 244670.070 .001146120 244766.028 .0014358786325 3 54 1767
 244870.479 .001801909 244991.912 .002293845 245126.838 .0029209376325 3 54 1768
 245288.750 .003774792 245531.617 .005223462 245909.410 .0077301626325 3 54 1769
 261681.490 .119281877 262594.790 .123274078 299983.630 .1849024706325 3 54 1770
 310668.798 .196130755 352140.000 .215287742 355960.000 .2145740106325 3 54 1771
 418780.000 .216881182 516714.143 .210195114 820412.113 .1714274136325 3 54 1772
 1208464.92 .107702506 1369046.07 .085234453 1500000.00 .0695239216325 3 54 1773
 1634018.91 .056010514 1711991.97 .049313494 1900000.00 .0357746366325 3 54 1774
 2100000.00 .025301093 2350000.00 .016319163 2684500.00 .0085920876325 3 54 1775
 3000000.00 .004881170 3500000.00 .002013124 4424400.00 8.51494E-46325 3 54 1776
 4923900.00 8.24680E-4 5485900.00 8.92141E-4 6084649.20 7.78108E-46325 3 54 1777
 6545851.65 7.09130E-4 7148832.74 6.50021E-4 8056432.80 5.48434E-46325 3 54 1778
 9063486.90 4.51808E-4 9769946.69 3.95641E-4 10574068.1 3.38810E-46325 3 54 1779
 11581122.2 2.81923E-4 12588176.3 2.37701E-4 13690460.7 2.01091E-46325 3 54 1780
 14547903.5 1.79024E-4 16112865.6 1.46511E-4 18642059.8 1.05738E-46325 3 54 1781
 20000000.0 8.64769E-5                                            6325 3 54 1782
                                                                  6325 3  0 1783
 63151.0000 149.620000          0          5          0          06325 3 55 1784
 0.0       -260400.000          0          0          1        1306325 3 55 1785
        130          2                                            6325 3 55 1786
 257902.914 0.0        258962.185 3.3614E-11 259028.390 6.2404E-116325 3 55 1787
 259061.492 8.4656E-11 259082.181 1.0228E-10 259102.870 1.2343E-106325 3 55 1788
 259123.560 1.4880E-10 259144.248 1.7916E-10 259164.937 2.1548E-106325 3 55 1789
 259185.626 2.5888E-10 259206.315 3.1065E-10 259227.003 3.7236E-106325 3 55 1790
 259247.693 4.4584E-10 259268.382 5.3320E-10 259289.071 6.3697E-106325 3 55 1791
 259309.759 7.6006E-10 259330.448 9.0594E-10 259351.137 1.07860E-96325 3 55 1792
 259371.826 1.28273E-9 259392.515 1.52377E-9 259413.204 1.80810E-96325 3 55 1793
 259438.031 2.21688E-9 259462.857 2.71368E-9 259487.684 3.31651E-96325 3 55 1794
 259512.511 4.04676E-9 259537.338 4.92988E-9 259562.164 5.99606E-96325 3 55 1795
 259586.991 7.28123E-9 259611.817 8.82768E-9 259636.644 1.06856E-86325 3 55 1796
 259661.471 1.29139E-8 259686.298 1.55821E-8 259711.124 1.87716E-86325 3 55 1797
 259735.951 2.25783E-8 259760.777 2.71138E-8 259785.605 3.25093E-86325 3 55 1798
 259810.431 3.89163E-8 259835.258 4.65130E-8 259864.222 5.71553E-86325 3 55 1799
 259893.186 7.00825E-8 259922.151 8.57507E-8 259951.116 1.04698E-76325 3 55 1800
 259980.080 1.27560E-7 260009.044 1.55084E-7 260038.009 1.88149E-76325 3 55 1801
 260066.974 2.27781E-7 260095.938 2.75178E-7 260124.902 3.31739E-76325 3 55 1802
 260153.866 3.99085E-7 260182.832 4.79104E-7 260215.934 5.88863E-76325 3 55 1803
 260249.036 7.21797E-7 260282.138 8.82340E-7 260315.241 1.07568E-66325 3 55 1804
 260348.343 1.30784E-6 260381.445 1.58583E-6 260410.409 1.87300E-66325 3 55 1805
 260443.512 2.25975E-6 260476.614 2.71907E-6 260509.716 3.26307E-66325 3 55 1806
 260542.818 3.90554E-6 260575.921 4.66221E-6 260609.023 5.55084E-66325 3 55 1807
 260642.125 6.59154E-6 260683.502 8.14102E-6 260724.881 1.00141E-56325 3 55 1808
 260766.258 1.22685E-5 260807.636 1.49702E-5 260849.014 1.81942E-56325 3 55 1809
 260890.392 2.20249E-5 260931.769 2.65572E-5 260973.148 3.18973E-56325 3 55 1810
 261014.525 3.81622E-5 261064.178 4.70842E-5 261113.832 5.77731E-56325 3 55 1811
 261163.485 7.05019E-5 261213.138 8.55711E-5 261262.792 1.03307E-46325 3 55 1812
 261320.721 1.27837E-4 261378.650 1.57070E-4 261436.579 1.91638E-46325 3 55 1813
 261502.784 2.38527E-4 261568.988 2.94263E-4 261635.193 3.59878E-46325 3 55 1814
 261709.672 4.46763E-4 261792.428 5.61147E-4 261875.183 6.95976E-46325 3 55 1815
 261957.939 8.52718E-4 262057.245 .001071293 262168.894 .0013580846325 3 55 1816
 262298.914 .001747111 262428.933 .002193364 262602.291 .0028694346325 3 55 1817
 262833.436 .003889615 263209.048 .005736452 274356.505 .0649058046325 3 55 1818
 299464.086 .198008646 301561.739 .203577124 310130.749 .2163447536325 3 55 1819
 361802.919 .237134372 418780.000 .248882564 531396.803 .2381961296325 3 55 1820
 849676.202 .194885404 1134380.23 .148696483 1400000.00 .1052431656325 3 55 1821
 1560933.86 .082414465 1700000.00 .065651950 1900000.00 .0465675076325 3 55 1822
 2100000.00 .032629017 2350000.00 .020768543 2684500.00 .0107704126325 3 55 1823
 3000000.00 .006039547 3500000.00 .002407688 4424400.00 9.57471E-46325 3 55 1824
 4923900.00 8.85232E-4 5485900.00 9.03423E-4 6042324.60 7.54448E-46325 3 55 1825
 6500000.00 6.62080E-4 7775274.75 5.08119E-4 8750000.00 4.13964E-46325 3 55 1826
 9634027.90 3.46429E-4 10574068.1 2.86947E-4 11581122.2 2.36435E-46325 3 55 1827
 12588176.3 1.97215E-4 13595230.4 1.67104E-4 14446000.0 1.47076E-46325 3 55 1828
 16112865.6 1.16688E-4 17729717.0 9.46472E-5 19268055.8 7.59265E-56325 3 55 1829
 20000000.0 6.78931E-5                                            6325 3 55 1830
                                                                  6325 3  0 1831
 63151.0000 149.620000          0          6          0          06325 3 56 1832
 0.0       -307000.000          0          0          1        1266325 3 56 1833
        126          2                                            6325 3 56 1834
 304954.104 0.0        306105.578 1.9586E-11 306249.513 6.6719E-116325 3 56 1835
 306285.497 8.9985E-11 306307.987 1.0832E-10 306330.476 1.3025E-106325 3 56 1836
 306352.966 1.5645E-10 306375.456 1.8770E-10 306397.945 2.2493E-106325 3 56 1837
 306420.435 2.6925E-10 306442.925 3.2194E-10 306465.414 3.8451E-106325 3 56 1838
 306487.904 4.5872E-10 306510.394 5.4664E-10 306532.884 6.5067E-106325 3 56 1839
 306555.373 7.7364E-10 306577.863 9.1882E-10 306600.353 1.09003E-96325 3 56 1840
 306627.340 1.33611E-9 306654.328 1.63513E-9 306681.315 1.99784E-96325 3 56 1841
 306708.303 2.43711E-9 306735.291 2.96820E-9 306762.279 3.60925E-96325 3 56 1842
 306789.267 4.38174E-9 306816.255 5.31108E-9 306843.242 6.42723E-96325 3 56 1843
 306870.230 7.76562E-9 306897.217 9.36774E-9 306924.205 1.12825E-86325 3 56 1844
 306951.193 1.35672E-8 306978.180 1.62886E-8 307005.168 1.95250E-86325 3 56 1845
 307032.156 2.33677E-8 307059.143 2.79223E-8 307090.629 3.43016E-86325 3 56 1846
 307122.114 4.20482E-8 307153.600 5.14346E-8 307185.085 6.27821E-86325 3 56 1847
 307216.571 7.64706E-8 307248.057 9.29463E-8 307279.542 1.12732E-76325 3 56 1848
 307311.028 1.36441E-7 307342.514 1.64789E-7 307374.000 1.98609E-76325 3 56 1849
 307405.485 2.38865E-7 307436.971 2.86682E-7 307472.954 3.52253E-76325 3 56 1850
 307508.938 4.31646E-7 307544.921 5.27497E-7 307580.905 6.42894E-76325 3 56 1851
 307616.888 7.81418E-7 307652.872 9.47242E-7 307688.855 1.14517E-66325 3 56 1852
 307724.839 1.38077E-6 307760.822 1.66040E-6 307796.806 1.99138E-66325 3 56 1853
 307832.789 2.38200E-6 307868.773 2.84176E-6 307904.757 3.38137E-66325 3 56 1854
 307940.741 4.01292E-6 307985.720 4.95252E-6 308030.700 6.08745E-66325 3 56 1855
 308075.679 7.45232E-6 308120.658 9.08672E-6 308165.638 1.10356E-56325 3 56 1856
 308210.617 1.33493E-5 308255.597 1.60848E-5 308300.576 1.93051E-56325 3 56 1857
 308345.555 2.30804E-5 308399.531 2.84524E-5 308453.506 3.48820E-56325 3 56 1858
 308507.482 4.25322E-5 308561.457 5.15805E-5 308615.433 6.22205E-56325 3 56 1859
 308678.404 7.69223E-5 308741.375 9.44245E-5 308804.346 1.15100E-46325 3 56 1860
 308876.313 1.43113E-4 308948.280 1.76376E-4 309029.243 2.20820E-46325 3 56 1861
 309110.207 2.73510E-4 309200.165 3.42691E-4 309290.124 4.24017E-46325 3 56 1862
 309380.083 5.18310E-4 309488.033 6.49431E-4 309611.180 8.23647E-46325 3 56 1863
 309747.660 .001047403 309918.259 .001370477 310105.917 .0017757446325 3 56 1864
 310378.876 .002439359 310856.554 .003727582 351778.022 .1204240696325 3 56 1865
 354874.408 .124303594 418197.313 .162289277 503527.050 .1729240046325 3 56 1866
 805074.394 .171107819 1021261.82 .150612750 1305229.90 .1129143776325 3 56 1867
 1521162.30 .084028280 1661639.27 .067734478 1736145.10 .0604404496325 3 56 1868
 1900000.00 .045756867 2100000.00 .032457894 2350000.00 .0209817006325 3 56 1869
 2684500.00 .011105045 3000000.00 .006337837 3500000.00 .0025805156325 3 56 1870
 4424400.00 9.26933E-4 4923900.00 8.16456E-4 5458571.82 8.20939E-46325 3 56 1871
 5485900.00 8.20906E-4 6042324.60 6.90034E-4 6545851.65 6.06562E-46325 3 56 1872
 7829738.12 4.77195E-4 9000000.00 3.81997E-4 9769946.69 3.31827E-46325 3 56 1873
 10648136.1 2.81595E-4 11581122.2 2.37603E-4 12588176.3 2.00173E-46325 3 56 1874
 13690460.7 1.69006E-4 14547903.5 1.50135E-4 16112865.6 1.22362E-46325 3 56 1875
 18253947.6 9.34453E-5 19677729.7 7.61346E-5 20000000.0 7.24392E-56325 3 56 1876
                                                                  6325 3  0 1877
 63151.0000 149.620000          0          7          0          06325 3 57 1878
 0.0       -307500.000          0          0          1        1266325 3 57 1879
        126          2                                            6325 3 57 1880
 304954.104 0.0        306105.578 2.5191E-11 306249.513 8.5812E-116325 3 57 1881
 306272.003 1.0349E-10 306294.493 1.2467E-10 306316.983 1.5001E-106325 3 57 1882
 306339.472 1.8029E-10 306361.962 2.1645E-10 306384.452 2.5957E-106325 3 57 1883
 306406.941 3.1092E-10 306429.431 3.7202E-10 306451.921 4.4462E-106325 3 57 1884
 306474.410 5.3078E-10 306496.900 6.3294E-10 306519.390 7.5391E-106325 3 57 1885
 306541.879 8.9699E-10 306564.369 1.06604E-9 306586.859 1.26553E-96325 3 57 1886
 306609.348 1.50066E-9 306636.336 1.83847E-9 306663.324 2.24871E-96325 3 57 1887
 306690.311 2.74605E-9 306717.299 3.34804E-9 306744.287 4.07547E-96325 3 57 1888
 306771.275 4.95302E-9 306798.263 6.00992E-9 306825.250 7.28066E-96325 3 57 1889
 306852.238 8.80611E-9 306879.226 1.06342E-8 306906.213 1.28214E-86325 3 57 1890
 306933.201 1.54339E-8 306960.189 1.85494E-8 306987.176 2.22584E-86325 3 57 1891
 307014.164 2.66670E-8 307041.151 3.18982E-8 307068.139 3.80958E-86325 3 57 1892
 307099.625 4.67709E-8 307131.110 5.72985E-8 307162.596 7.00466E-86325 3 57 1893
 307194.081 8.54482E-8 307225.567 1.04016E-7 307257.052 1.26349E-76325 3 57 1894
 307288.538 1.53153E-7 307320.024 1.85252E-7 307351.510 2.23606E-76325 3 57 1895
 307382.996 2.69335E-7 307414.481 3.23733E-7 307445.967 3.88306E-76325 3 57 1896
 307481.950 4.76796E-7 307517.934 5.83863E-7 307553.917 7.13032E-76325 3 57 1897
 307589.901 8.68429E-7 307625.884 1.05484E-6 307661.868 1.27783E-66325 3 57 1898
 307697.851 1.54380E-6 307733.835 1.86017E-6 307769.818 2.23540E-66325 3 57 1899
 307805.802 2.67922E-6 307841.785 3.20265E-6 307877.769 3.81830E-66325 3 57 1900
 307913.753 4.54036E-6 307949.737 5.38486E-6 307994.716 6.64030E-66325 3 57 1901
 308039.696 8.15541E-6 308084.675 9.97592E-6 308129.654 1.21541E-56325 3 57 1902
 308174.634 1.47490E-5 308219.613 1.78273E-5 308264.592 2.14635E-56325 3 57 1903
 308309.572 2.57407E-5 308363.547 3.18494E-5 308417.522 3.91900E-56325 3 57 1904
 308471.498 4.79588E-5 308525.474 5.83713E-5 308579.449 7.06628E-56325 3 57 1905
 308642.420 8.77186E-5 308705.391 1.08114E-4 308768.362 1.32314E-46325 3 57 1906
 308831.334 1.60808E-4 308903.301 1.99279E-4 308975.268 2.44792E-46325 3 57 1907
 309056.231 3.05372E-4 309128.198 3.68385E-4 309218.157 4.60393E-46325 3 57 1908
 309308.116 5.68251E-4 309416.066 7.20003E-4 309524.017 8.97241E-46325 3 57 1909
 309645.300 .001127441 309798.840 .001465490 309969.438 .0018985876325 3 57 1910
 310174.157 .002487908 310481.236 .003479320 311129.512 .0057830106325 3 57 1911
 351778.022 .154875917 354874.408 .159668206 418197.313 .2012403606325 3 57 1912
 500000.000 .210089390 816432.545 .184354909 1050281.43 .1533082066325 3 57 1913
 1450000.00 .094621688 1611286.56 .074060042 1711991.97 .0630251816325 3 57 1914
 1900000.00 .045706529 2100000.00 .032114455 2350000.00 .0204792216325 3 57 1915
 2684500.00 .010632228 3000000.00 .005967953 3500000.00 .0023831586325 3 57 1916
 4424400.00 8.82960E-4 4923900.00 7.87940E-4 5458571.82 7.90109E-46325 3 57 1917
 5485900.00 7.89955E-4 6042324.60 6.56206E-4 6500000.00 5.74510E-46325 3 57 1918
 7775274.75 4.40098E-4 8750000.00 3.58573E-4 9634027.90 3.00211E-46325 3 57 1919
 10574068.1 2.48744E-4 11581122.2 2.04994E-4 12588176.3 1.71000E-46325 3 57 1920
 13595230.4 1.44875E-4 14446000.0 1.27505E-4 16112865.6 1.01161E-46325 3 57 1921
 17729717.0 8.20840E-5 19268055.8 6.58878E-5 20000000.0 5.89280E-56325 3 57 1922
                                                                  6325 3  0 1923
 63151.0000 149.620000          0          8          0          06325 3 58 1924
 0.0       -349800.000          0          0          1        1296325 3 58 1925
        129          2                                            6325 3 58 1926
 347226.387 0.0        348454.790 3.4251E-11 348531.566 6.3583E-116325 3 58 1927
 348569.954 8.6254E-11 348593.947 1.0421E-10 348617.938 1.2576E-106325 3 58 1928
 348641.931 1.5160E-10 348665.923 1.8254E-10 348689.915 2.1954E-106325 3 58 1929
 348713.907 2.6375E-10 348737.900 3.1650E-10 348761.891 3.7938E-106325 3 58 1930
 348785.884 4.5423E-10 348809.876 5.4324E-10 348833.869 6.4896E-106325 3 58 1931
 348857.861 7.7439E-10 348881.854 9.2302E-10 348905.846 1.09894E-96325 3 58 1932
 348929.838 1.30693E-9 348953.830 1.55254E-9 348977.823 1.84225E-96325 3 58 1933
 349006.613 2.25877E-9 349035.404 2.76504E-9 349064.194 3.37932E-96325 3 58 1934
 349092.985 4.12347E-9 349121.776 5.02345E-9 349150.567 6.11006E-96325 3 58 1935
 349179.358 7.41985E-9 349208.149 8.99604E-9 349236.939 1.08896E-86325 3 58 1936
 349265.730 1.31609E-8 349294.520 1.58805E-8 349323.311 1.91319E-86325 3 58 1937
 349352.102 2.30124E-8 349380.892 2.76361E-8 349409.683 3.31365E-86325 3 58 1938
 349438.474 3.96689E-8 349467.264 4.74141E-8 349500.853 5.82655E-86325 3 58 1939
 349534.442 7.14475E-8 349568.031 8.74250E-8 349601.620 1.06748E-76325 3 58 1940
 349635.209 1.30064E-7 349668.799 1.58139E-7 349702.387 1.91864E-76325 3 58 1941
 349735.977 2.32293E-7 349769.566 2.80646E-7 349803.156 3.38353E-76325 3 58 1942
 349836.744 4.07067E-7 349870.334 4.88714E-7 349908.721 6.00718E-76325 3 58 1943
 349947.109 7.36386E-7 349985.496 9.00241E-7 350023.884 1.09759E-66325 3 58 1944
 350062.272 1.33458E-6 350100.660 1.61839E-6 350134.249 1.91160E-66325 3 58 1945
 350172.636 2.30648E-6 350211.024 2.77554E-6 350249.411 3.33111E-66325 3 58 1946
 350287.799 3.98732E-6 350326.186 4.76021E-6 350364.574 5.66801E-66325 3 58 1947
 350402.962 6.73127E-6 350450.946 8.31450E-6 350498.931 1.02286E-56325 3 58 1948
 350546.915 1.25326E-5 350594.900 1.52941E-5 350642.884 1.85898E-56325 3 58 1949
 350690.869 2.25063E-5 350738.854 2.71407E-5 350786.838 3.26014E-56325 3 58 1950
 350834.822 3.90088E-5 350892.404 4.81351E-5 350949.985 5.90697E-56325 3 58 1951
 351007.567 7.20936E-5 351065.148 8.75138E-5 351122.730 1.05665E-46325 3 58 1952
 351189.908 1.30774E-4 351257.086 1.60700E-4 351324.265 1.96094E-46325 3 58 1953
 351401.040 2.44108E-4 351477.815 3.01193E-4 351554.590 3.68404E-46325 3 58 1954
 351640.963 4.57418E-4 351736.932 5.74623E-4 351832.900 7.12797E-46325 3 58 1955
 351928.869 8.73450E-4 352044.032 .001097515 352169.844 .0013826126325 3 58 1956
 352319.063 .001775637 352498.125 .002323013 352707.032 .0030557636325 3 58 1957
 353005.469 .004242794 353512.813 .006488239 355005.000 .0133558476325 3 58 1958
 355482.500 .015292783 355960.000 .016821084 356430.809 .0178328026325 3 58 1959
 357215.489 .018727401 418197.313 .058543692 501738.082 .0811299466325 3 58 1960
 800000.000 .098411900 1014108.20 .087493360 1480829.64 .0518688746325 3 58 1961
 1650000.00 .040738980 1736145.10 .036002140 1900000.00 .0277967436325 3 58 1962
 2100000.00 .020191369 2350000.00 .013416329 2684500.00 .0073171926325 3 58 1963
 3000000.00 .004278816 3500000.00 .001825081 4424400.00 6.45584E-46325 3 58 1964
 4923900.00 5.63520E-4 5485900.00 5.85170E-4 6084649.20 5.13314E-46325 3 58 1965
 6545851.65 4.73047E-4 7148832.74 4.40577E-4 8750000.00 3.39305E-46325 3 58 1966
 9769946.69 2.85229E-4 10648136.1 2.44742E-4 11581122.2 2.08949E-46325 3 58 1967
 12588176.3 1.78408E-4 13690460.7 1.53000E-4 14649807.1 1.36144E-46325 3 58 1968
 16225731.2 1.13408E-4 19268055.8 7.72950E-5 20000000.0 6.94017E-56325 3 58 1969
                                                                  6325 3  0 1970
 63151.0000 149.620000          0          9          0          06325 3 59 1971
 0.0       -353600.000          0          0          1        1246325 3 59 1972
        124          2                                            6325 3 59 1973
 351019.714 0.0        352254.785 1.3176E-11 352409.169 4.4883E-116325 3 59 1974
 352486.361 8.1405E-11 352510.484 9.7819E-11 352534.606 1.1741E-106325 3 59 1975
 352558.729 1.4077E-10 352582.851 1.6858E-10 352606.974 2.0166E-106325 3 59 1976
 352631.096 2.4095E-10 352655.219 2.8759E-10 352679.341 3.4286E-106325 3 59 1977
 352703.464 4.0830E-10 352727.586 4.8569E-10 352751.709 5.7710E-106325 3 59 1978
 352775.831 6.8493E-10 352799.954 8.1202E-10 352828.901 9.9455E-106325 3 59 1979
 352857.848 1.21616E-9 352886.795 1.48476E-9 352915.742 1.80978E-96325 3 59 1980
 352944.689 2.20242E-9 352973.636 2.67597E-9 353002.583 3.24614E-96325 3 59 1981
 353031.530 3.93154E-9 353060.477 4.75406E-9 353089.424 5.73954E-96325 3 59 1982
 353118.371 6.91830E-9 353147.318 8.32593E-9 353176.265 1.00041E-86325 3 59 1983
 353205.212 1.20015E-8 353234.159 1.43750E-8 353263.106 1.71908E-86325 3 59 1984
 353292.053 2.05258E-8 353325.824 2.51926E-8 353359.596 3.08547E-86325 3 59 1985
 353393.367 3.77087E-8 353427.139 4.59874E-8 353460.910 5.59643E-86325 3 59 1986
 353494.682 6.79618E-8 353528.453 8.23565E-8 353562.225 9.95902E-86325 3 59 1987
 353595.996 1.20176E-7 353629.768 1.44713E-7 353663.539 1.73894E-76325 3 59 1988
 353697.311 2.08524E-7 353735.907 2.55966E-7 353774.503 3.13348E-76325 3 59 1989
 353813.099 3.82555E-7 353851.695 4.65787E-7 353890.291 5.65600E-76325 3 59 1990
 353924.062 6.68856E-7 353962.658 8.08108E-7 354001.254 9.73747E-76325 3 59 1991
 354039.850 1.17022E-6 354078.446 1.40260E-6 354117.042 1.67669E-66325 3 59 1992
 354155.638 1.99908E-6 354194.234 2.37720E-6 354232.830 2.81946E-66325 3 59 1993
 354281.075 3.47697E-6 354329.320 4.27050E-6 354377.565 5.22406E-66325 3 59 1994
 354425.810 6.36501E-6 354474.055 7.72434E-6 354522.300 9.33696E-66325 3 59 1995
 354570.545 1.12420E-5 354618.790 1.34829E-5 354676.684 1.66835E-56325 3 59 1996
 354734.578 2.05300E-5 354792.472 2.51249E-5 354850.366 3.05816E-56325 3 59 1997
 354908.260 3.70234E-5 354975.803 4.59626E-5 355043.346 5.66531E-56325 3 59 1998
 355110.889 6.93384E-5 355178.432 8.42751E-5 355255.624 1.04444E-46325 3 59 1999
 355332.816 1.28306E-4 355419.657 1.60070E-4 355496.849 1.93112E-46325 3 59 2000
 355593.339 2.41361E-4 355689.829 2.97925E-4 355805.617 3.77515E-46325 3 59 2001
 355921.405 4.70477E-4 356058.086 5.97805E-4 356215.022 7.67216E-46325 3 59 2002
 356411.192 .001011724 356666.213 .001376234 357019.319 .0019438766325 3 59 2003
 357921.701 .003531518 418197.313 .111775731 421126.655 .1138101396325 3 59 2004
 501738.082 .142386549 795526.862 .145492752 1035669.99 .1190421186325 3 59 2005
 1336940.07 .082196081 1500000.00 .064880943 1650000.00 .0514180876325 3 59 2006
 1723983.94 .045859595 1900000.00 .034141144 2100000.00 .0242921546325 3 59 2007
 2350000.00 .015743579 2684500.00 .008323303 3000000.00 .0047434696325 3 59 2008
 3500000.00 .001959284 4424400.00 6.99987E-4 4923900.00 6.16865E-46325 3 59 2009
 5485900.00 6.34983E-4 6042324.60 5.50589E-4 6545851.65 4.94559E-46325 3 59 2010
 7198908.09 4.48045E-4 8056432.80 3.81424E-4 9063486.90 3.14580E-46325 3 59 2011
 9769946.69 2.75651E-4 10574068.1 2.36208E-4 11581122.2 1.96644E-46325 3 59 2012
 12588176.3 1.65805E-4 13690460.7 1.40238E-4 14547903.5 1.24834E-46325 3 59 2013
 16112865.6 1.02198E-4 18511477.9 7.52886E-5 19907783.1 6.13589E-56325 3 59 2014
 20000000.0 6.04931E-5                                            6325 3 59 2015
                                                                  6325 3  0 2016
 63151.0000 149.620000          0         10          0          06325 3 60 2017
 0.0       -416000.000          0          0          1        1196325 3 60 2018
        119          2                                            6325 3 60 2019
 413420.023 0.0        414760.018 1.0006E-11 414927.518 3.4082E-116325 3 60 2020
 415011.268 6.1815E-11 415053.143 8.2888E-11 415084.549 1.0309E-106325 3 60 2021
 415110.721 1.2349E-10 415136.892 1.4775E-10 415163.065 1.7659E-106325 3 60 2022
 415189.236 2.1081E-10 415215.408 2.5138E-10 415241.579 2.9943E-106325 3 60 2023
 415267.751 3.5626E-10 415293.923 4.2341E-10 415320.095 5.0264E-106325 3 60 2024
 415346.266 5.9604E-10 415377.673 7.3022E-10 415409.078 8.9317E-106325 3 60 2025
 415440.484 1.09074E-9 415471.890 1.32988E-9 415503.297 1.61886E-96325 3 60 2026
 415534.703 1.96748E-9 415566.109 2.38736E-9 415597.515 2.89224E-96325 3 60 2027
 415628.922 3.49833E-9 415660.328 4.22468E-9 415691.734 5.09375E-96325 3 60 2028
 415723.140 6.13186E-9 415754.546 7.36986E-9 415785.952 8.84382E-96325 3 60 2029
 415817.358 1.05958E-8 415848.764 1.26749E-8 415880.171 1.51381E-86325 3 60 2030
 415916.811 1.85861E-8 415953.451 2.27707E-8 415990.092 2.78383E-86325 3 60 2031
 416026.732 3.39610E-8 416063.373 4.13427E-8 416100.012 5.02217E-86325 3 60 2032
 416136.653 6.08794E-8 416173.294 7.36431E-8 416209.935 8.88953E-86325 3 60 2033
 416246.575 1.07080E-7 416283.216 1.28716E-7 416319.856 1.54399E-76325 3 60 2034
 416361.731 1.89598E-7 416403.606 2.32190E-7 416445.480 2.83578E-76325 3 60 2035
 416487.355 3.45405E-7 416529.230 4.19579E-7 416571.105 5.08314E-76325 3 60 2036
 416612.979 6.14164E-7 416654.854 7.40080E-7 416696.729 8.89440E-76325 3 60 2037
 416738.604 1.06611E-6 416780.478 1.27449E-6 416822.353 1.51961E-66325 3 60 2038
 416864.228 1.80711E-6 416906.103 2.14341E-6 416958.447 2.64340E-66325 3 60 2039
 417010.791 3.24687E-6 417063.134 3.97206E-6 417115.477 4.83982E-66325 3 60 2040
 417167.821 5.87374E-6 417220.165 7.10039E-6 417272.507 8.54948E-66325 3 60 2041
 417324.851 1.02542E-5 417387.664 1.26893E-5 417450.475 1.56157E-56325 3 60 2042
 417513.288 1.91120E-5 417576.100 2.32642E-5 417638.913 2.81663E-56325 3 60 2043
 417712.194 3.49695E-5 417785.474 4.31058E-5 417858.755 5.27613E-56325 3 60 2044
 417932.036 6.41312E-5 418015.786 7.94850E-5 418099.535 9.76515E-56325 3 60 2045
 418193.753 1.21835E-4 418277.503 1.46994E-4 418382.191 1.83735E-46325 3 60 2046
 418486.877 2.26810E-4 418612.501 2.87426E-4 418738.126 3.58230E-46325 3 60 2047
 418895.396 4.61552E-4 419056.949 5.84478E-4 419264.660 7.65987E-46325 3 60 2048
 419518.529 .001018893 419887.794 .001431866 420718.639 .0024516016325 3 60 2049
 499815.968 .102034750 800000.000 .136706029 1014108.20 .1278491226325 3 60 2050
 1225514.18 .109501243 1611286.56 .068417007 1723983.94 .0579554106325 3 60 2051
 1900000.00 .043602454 2100000.00 .031172476 2350000.00 .0202578966325 3 60 2052
 2684500.00 .010756584 3000000.00 .006153311 3500000.00 .0025158986325 3 60 2053
 4424400.00 7.50119E-4 4923900.00 5.82116E-4 5485900.00 5.43248E-46325 3 60 2054
 6042324.60 4.45841E-4 6500000.00 3.90665E-4 7775274.75 3.05507E-46325 3 60 2055
 8936040.93 2.45025E-4 9701987.30 2.12938E-4 10648136.1 1.78678E-46325 3 60 2056
 11581122.2 1.50839E-4 12588176.3 1.27102E-4 13690460.7 1.07290E-46325 3 60 2057
 14547903.5 9.53003E-5 16112865.6 7.76762E-5 18126973.8 6.04304E-56325 3 60 2058
 19539893.4 4.94717E-5 20000000.0 4.61223E-5                      6325 3 60 2059
                                                                  6325 3  0 2060
 63151.0000 149.620000          0          0          0          06325 3 91 2061
 0.0       -416000.000          0          0          1        1196325 3 91 2062
        119          2                                            6325 3 91 2063
 413420.023 0.0        414760.018 1.1660E-11 414927.518 3.9715E-116325 3 91 2064
 415011.268 7.2032E-11 415058.378 1.0018E-10 415084.549 1.2013E-106325 3 91 2065
 415110.721 1.4390E-10 415136.892 1.7217E-10 415163.065 2.0577E-106325 3 91 2066
 415189.236 2.4565E-10 415215.408 2.9293E-10 415241.579 3.4892E-106325 3 91 2067
 415267.751 4.1515E-10 415293.923 4.9339E-10 415320.095 5.8572E-106325 3 91 2068
 415346.266 6.9455E-10 415377.673 8.5092E-10 415409.078 1.04080E-96325 3 91 2069
 415440.484 1.27102E-9 415471.890 1.54969E-9 415503.297 1.88643E-96325 3 91 2070
 415534.703 2.29268E-9 415566.109 2.78196E-9 415597.515 3.37028E-96325 3 91 2071
 415628.922 4.07655E-9 415660.328 4.92296E-9 415691.734 5.93567E-96325 3 91 2072
 415723.140 7.14537E-9 415754.546 8.58799E-9 415785.952 1.03056E-86325 3 91 2073
 415817.358 1.23471E-8 415848.764 1.47699E-8 415880.171 1.76402E-86325 3 91 2074
 415916.811 2.16581E-8 415953.451 2.65344E-8 415990.092 3.24395E-86325 3 91 2075
 416026.732 3.95743E-8 416063.373 4.81760E-8 416100.012 5.85226E-86325 3 91 2076
 416136.653 7.09419E-8 416173.294 8.58152E-8 416209.935 1.03588E-76325 3 91 2077
 416246.575 1.24779E-7 416283.216 1.49991E-7 416319.856 1.79919E-76325 3 91 2078
 416361.731 2.20936E-7 416403.606 2.70567E-7 416445.480 3.30449E-76325 3 91 2079
 416487.355 4.02495E-7 416529.230 4.88930E-7 416571.105 5.92331E-76325 3 91 2080
 416612.979 7.15676E-7 416654.854 8.62404E-7 416696.729 1.03645E-66325 3 91 2081
 416738.604 1.24232E-6 416780.478 1.48515E-6 416822.353 1.77078E-66325 3 91 2082
 416864.228 2.10580E-6 416906.103 2.49768E-6 416958.447 3.08032E-66325 3 91 2083
 417010.791 3.78353E-6 417063.134 4.62859E-6 417115.477 5.63977E-66325 3 91 2084
 417167.821 6.84458E-6 417220.165 8.27398E-6 417272.507 9.96258E-66325 3 91 2085
 417324.851 1.19491E-5 417387.664 1.47866E-5 417450.475 1.81968E-56325 3 91 2086
 417513.288 2.22710E-5 417576.100 2.71094E-5 417638.913 3.28218E-56325 3 91 2087
 417712.194 4.07494E-5 417785.474 5.02306E-5 417858.755 6.14819E-56325 3 91 2088
 417932.036 7.47311E-5 418015.786 9.26226E-5 418099.535 1.13792E-46325 3 91 2089
 418193.753 1.41973E-4 418277.503 1.71291E-4 418382.191 2.14104E-46325 3 91 2090
 418486.877 2.64299E-4 418612.501 3.34933E-4 418738.126 4.17440E-46325 3 91 2091
 418895.396 5.37840E-4 419056.949 6.81083E-4 419264.660 8.92594E-46325 3 91 2092
 419518.529 .001187301 419887.794 .001668532 420718.639 .0028568156325 3 91 2093
 498942.234 .117981872 504209.290 .129424611 831986.651 .8979316606325 3 91 2094
 1021261.82 1.31320505 1225514.18 1.69282545 1400000.00 1.952547906325 3 91 2095
 1611286.56 2.18762240 1862119.25 2.37632863 2205590.99 2.537879826325 3 91 2096
 2350000.00 2.58864889 2684500.00 2.54409533 3500000.00 2.611504126325 3 91 2097
 5883955.22 2.48542807 6500000.00 2.48120813 7000000.00 2.482889116325 3 91 2098
 8056432.80 2.46242456 8750000.00 2.33817305 9126973.80 2.141397196325 3 91 2099
 10500000.0 1.33478750 11500000.0 .940031565 12500000.0 .6849931726325 3 91 2100
 13500000.0 .522586675 14199462.8 .446317578 14446000.0 .4239440176325 3 91 2101
 16225731.2 .327631569 17239839.4 .284332459 18382712.8 .2448047406325 3 91 2102
 19268055.8 .218096058 20000000.0 .198536165                      6325 3 91 2103
                                                                  6325 3  0 2104
 63151.0000 149.620000          0          0          0          06325 3102 2105
 6307900.00 6307900.00          0          0          1        1616325 3102 2106
        161          2                                            6325 3102 2107
 1.00000E-5 659215.391 1.25126E-5 589321.615 1.56566E-5 526838.1896325 3102 2108
 1.95905E-5 470979.423 2.45129E-5 421042.928 3.06721E-5 376400.7856325 3102 2109
 3.83789E-5 336491.645 4.80221E-5 300813.677 6.00883E-5 268918.2536325 3102 2110
 7.51862E-5 240404.307 9.40778E-5 214913.294 1.17716E-4 192124.6826325 3102 2111
 1.47294E-4 171751.917 1.84303E-4 153538.825 2.30612E-4 137256.3886325 3102 2112
 2.88556E-4 122699.864 3.61060E-4 109686.214 4.51781E-4 98051.79986325 3102 2113
 5.65297E-4 87650.3261 7.07336E-4 78351.0009 8.85063E-4 70036.89146325 3102 2114
 .001107447 62603.4532 .001385708 55957.2161 .001733885 50014.60856325 3102 2115
 .002169547 44700.9068 .002714674 39949.2961 .003396773 35700.02976325 3102 2116
 .004250257 31899.6788 .005318191 28500.4601 .006654457 25459.63626325 3102 2117
 .008326477 22738.9783 .010418616 20304.2867 .013036432 18124.96166325 3102 2118
 .016312009 16173.6204 .020410618 14425.7558 .025241880 12937.05036325 3102 2119
 .025300000 12921.7634 .031656962 11510.9134 .039611195 10245.08376325 3102 2120
 .049564035 9108.46704 .062017658 8086.92378 .077600420 7167.820536325 3102 2121
 .096423145 6364.40224 .119805622 5637.60374 .148865622 4979.015916325 3102 2122
 .183996991 4395.60431 .227025760 3868.94029 .278154923 3404.613746325 3102 2123
 .340815765 2980.56659 .414667307 2606.89857 .502826096 2272.024686325 3102 2124
 .603272649 1984.11173 .718750187 1732.86993 .855874983 1507.312676325 3102 2125
 1.01026781 1316.18622 1.18796727 1151.24967 1.38589942 1014.200996325 3102 2126
 1.61827131 895.310435 1.88900422 794.552057 2.20363398 710.2712576325 3102 2127
 2.58892519 636.787351 3.08072519 570.851274 3.70166212 512.3026336325 3102 2128
 4.52477236 457.380951 5.58387933 407.202489 7.01220861 358.5457076325 3102 2129
 8.98053920 308.058251 11.0522418 266.668494 12.9004280 239.6165106325 3102 2130
 14.6327560 223.219270 16.5273965 214.265580 18.6495875 211.8962406325 3102 2131
 21.3568490 212.577989 25.1846752 208.463101 29.4018517 202.0689816325 3102 2132
 29.7007768 202.029319 32.5720148 206.056277 37.4548012 225.7313976325 3102 2133
 41.1555480 238.036514 43.1018235 239.965375 46.1558819 235.3291946325 3102 2134
 49.5715724 220.301549 56.1800000 176.655283 60.1217490 152.9822426325 3102 2135
 63.1675286 140.196704 66.0514862 133.355699 69.2859250 131.1085546325 3102 2136
 74.3752255 134.540811 81.1626686 139.877568 83.0108138 140.1584786325 3102 2137
 89.5917631 136.993938 109.536426 117.999846 125.126331 108.0048996325 3102 2138
 152.240020 96.2028536 187.842235 85.0252602 233.405167 74.26837736325 3102 2139
 276.135345 67.0958423 347.938272 58.3651765 417.443813 52.20001706325 3102 2140
 518.698804 45.9334021 626.675284 40.9559842 767.848412 36.34935536325 3102 2141
 947.414236 32.0234487 1168.97257 28.0956524 1412.31523 24.93873916325 3102 2142
 1718.35054 22.0249700 2061.61512 19.6408147 2561.67959 17.21506506325 3102 2143
 3051.88268 15.3449797 3713.19670 13.6062500 4646.18679 11.76441136325 3102 2144
 5382.60378 10.7079773 6830.07412 9.21035132 8080.47609 8.253394486325 3102 2145
 9900.30476 7.35215241 12130.5778 6.50157519 14759.1589 5.774576826325 3102 2146
 17831.5431 5.12525455 20949.2736 4.64117712 22469.3465 4.423769756325 3102 2147
 25134.1844 3.90267507 29943.8626 3.42159281 36178.9910 3.046422426325 3102 2148
 45586.5424 2.62107880 52442.0424 2.39331321 61611.1958 2.184717906325 3102 2149
 84439.4911 1.85316232 95786.4895 1.74113474 102736.728 1.689169296325 3102 2150
 268231.977 1.03802624 302145.686 .922076462 317338.002 .8838641026325 3102 2151
 357460.395 .760441051 425884.923 .653567601 503527.050 .5672824056325 3102 2152
 805074.394 .420141059 1042975.71 .356811837 1305293.94 .3012463996325 3102 2153
 1643046.40 .240474443 1967772.97 .190957584 2174906.97 .1636759396325 3102 2154
 2684500.00 .102919655 3000000.00 .077546375 3500000.00 .0478046316325 3102 2155
 4424400.00 .018043663 4923900.00 .010647979 5485900.00 .0060011316325 3102 2156
 6000000.00 .003721243 6500000.00 .002453859 7000000.00 .0015862566325 3102 2157
 7613400.00 9.80874E-4 8000000.00 7.33867E-4 8750000.00 4.32276E-46325 3102 2158
 9000000.00 3.66786E-4 9500000.00 3.16694E-4 10489425.5 3.08461E-46325 3102 2159
 11500000.0 3.79435E-4 12588176.3 5.32938E-4 14100000.0 7.74936E-46325 3102 2160
 16000000.0 9.82260E-4 20000000.0 .001091521                      6325 3102 2161
                                                                  6325 3  0 2162
 63151.0000 149.620000          0          0          0          06325 3103 2163
 706860.000 706860.000          0          0          1         236325 3103 2164
         23          2                                            6325 3103 2165
 3000000.00 0.0        4923900.00 1.58780E-5 6000000.00 6.00000E-56325 3103 2166
 7000000.00 1.88800E-4 7613400.00 3.22420E-4 7987300.00 4.80850E-46325 3103 2167
 8000000.00 4.87050E-4 8750000.00 .001005900 9000000.00 .0012502006325 3103 2168
 9500000.00 .001865800 10500000.0 .003641900 11500000.0 .0061695006325 3103 2169
 12500000.0 .009384900 13500000.0 .013258000 14100000.0 .0158860006325 3103 2170
 14446000.0 .017459000 16000000.0 .024733000 16500000.0 .0269810006325 3103 2171
 17000000.0 .029102000 17500000.0 .030989000 18000000.0 .0325980006325 3103 2172
 19000000.0 .034884000 20000000.0 .036012000                      6325 3103 2173
                                                                  6325 3  0 2174
 63151.0000 149.620000          0          0          0          06325 3104 2175
-2666700.00-2666700.00          0          0          1         186325 3104 2176
         18          2                                            6325 3104 2177
 7613400.00 0.0        7987300.00 2.44440E-6 8000000.00 2.50900E-66325 3104 2178
 8750000.00 1.79170E-5 9000000.00 3.11710E-5 9500000.00 7.51700E-56325 3104 2179
 10500000.0 2.20630E-4 11500000.0 5.83080E-4 12500000.0 .0015017006325 3104 2180
 13500000.0 .003521800 14100000.0 .005353100 14446000.0 .0066087006325 3104 2181
 16000000.0 .013597000 16500000.0 .016186000 17500000.0 .0214770006325 3104 2182
 18000000.0 .024044000 19000000.0 .028737000 20000000.0 .0327980006325 3104 2183
                                                                  6325 3  0 2184
 63151.0000 149.620000          0          0          0          06325 3105 2185
-4395100.00-4395100.00          0          0          1         136325 3105 2186
         13          2                                            6325 3105 2187
 9500000.00 0.0        10500000.0 2.63870E-5 11500000.0 1.12770E-46325 3105 2188
 12500000.0 5.68060E-4 13500000.0 .001849400 14100000.0 .0032025006325 3105 2189
 14446000.0 .004184200 16000000.0 .009977600 16500000.0 .0121980006325 3105 2190
 17500000.0 .016791000 18000000.0 .019047000 19000000.0 .0231750006325 3105 2191
 20000000.0 .026739000                                            6325 3105 2192
                                                                  6325 3  0 2193
 63151.0000 149.620000          0          0          0          06325 3106 2194
-5449500.00-5449500.00          0          0          1          26325 3106 2195
          2          2                                            6325 3106 2196
 17000000.0 0.0        20000000.0 .001200000                      6325 3106 2197
                                                                  6325 3  0 2198
 63151.0000 149.620000          0          0          0          06325 3107 2199
 7857600.00 7857600.00          0          0          1        1606325 3107 2200
        160          2                                            6325 3107 2201
 1.00000E-5 6.64515E-4 1.25126E-5 5.94060E-4 1.56566E-5 5.31074E-46325 3107 2202
 1.95905E-5 4.74766E-4 2.45129E-5 4.24428E-4 3.06721E-5 3.79427E-46325 3107 2203
 3.83789E-5 3.39196E-4 4.80221E-5 3.03232E-4 6.00883E-5 2.71080E-46325 3107 2204
 7.51862E-5 2.42336E-4 9.40778E-5 2.16640E-4 1.17716E-4 1.93668E-46325 3107 2205
 1.47294E-4 1.73132E-4 1.84303E-4 1.54772E-4 2.30612E-4 1.38358E-46325 3107 2206
 2.88556E-4 1.23685E-4 3.61060E-4 1.10566E-4 4.51781E-4 9.88378E-56325 3107 2207
 5.65297E-4 8.83524E-5 7.07336E-4 7.89780E-5 8.85063E-4 7.05967E-56325 3107 2208
 .001107447 6.31031E-5 .001385708 5.64030E-5 .001733885 5.04122E-56325 3107 2209
 .002169547 4.50552E-5 .002714674 4.02648E-5 .003396773 3.59807E-56325 3107 2210
 .004250257 3.21490E-5 .005318191 2.87216E-5 .006654457 2.56554E-56325 3107 2211
 .008326477 2.29118E-5 .010418616 2.04563E-5 .013036432 1.82581E-56325 3107 2212
 .016312009 1.62896E-5 .020410618 1.45260E-5 .025241880 1.30235E-56325 3107 2213
 .025300000 1.30081E-5 .031656962 1.15838E-5 .039611195 1.03054E-56325 3107 2214
 .049564035 9.15698E-6 .062017658 8.12422E-6 .077600420 7.19434E-66325 3107 2215
 .096423145 6.38076E-6 .119805622 5.64395E-6 .148828772 4.97609E-66325 3107 2216
 .183633247 4.38739E-6 .226576952 3.85027E-6 .277618660 3.37546E-66325 3107 2217
 .337775990 2.95510E-6 .410968843 2.56947E-6 .493938127 2.23777E-66325 3107 2218
 .590329398 1.94287E-6 .702697216 1.67961E-6 .830589215 1.45025E-66325 3107 2219
 .975243052 1.25178E-6 1.13544166 1.08383E-6 1.31290757 9.42010E-76325 3107 2220
 1.51034824 8.22516E-7 1.72539505 7.24647E-7 1.97096399 6.41690E-76325 3107 2221
 2.25744758 5.71634E-7 2.57886807 5.16049E-7 2.96668933 4.69949E-76325 3107 2222
 3.47006913 4.30947E-7 4.14176973 3.99022E-7 5.19812012 3.69451E-76325 3107 2223
 10.7241467 2.61266E-7 12.5109413 2.35408E-7 14.1921645 2.20130E-76325 3107 2224
 16.0993108 2.11949E-7 17.8436059 2.10217E-7 28.9335308 2.22946E-76325 3107 2225
 37.9593916 2.45802E-7 39.6930447 2.46962E-7 42.8734751 2.42573E-76325 3107 2226
 46.6331179 2.27373E-7 57.4378592 1.64201E-7 61.6857977 1.44776E-76325 3107 2227
 65.2412634 1.33247E-7 69.0016603 1.25885E-7 72.9788000 1.22783E-76325 3107 2228
 74.5304622 1.22570E-7 89.0655595 1.27138E-7 97.5592311 1.24793E-76325 3107 2229
 117.867939 1.14353E-7 148.524193 1.06176E-7 203.555654 9.65821E-86325 3107 2230
 278.991164 8.78614E-8 382.363491 7.99246E-8 524.063239 7.27123E-86325 3107 2231
 718.240129 6.61644E-8 984.412104 6.01843E-8 1349.15831 5.47538E-86325 3107 2232
 1862.09436 4.97043E-8 2552.16627 4.52302E-8 3497.79968 4.11404E-86325 3107 2233
 4760.46537 3.75244E-8 6524.64203 3.41362E-8 8879.96320 3.11120E-86325 3107 2234
 10070.5410 3.00518E-8 19183.6103 3.25066E-8 34793.8272 3.50246E-86325 3107 2235
 61795.7023 3.76323E-8 100202.160 4.01765E-8 121915.018 5.47554E-86325 3107 2236
 148332.845 7.46609E-8 181739.338 1.02864E-7 221120.528 1.40297E-76325 3107 2237
 269035.249 1.91241E-7 327332.635 2.60643E-7 398262.511 3.55454E-76325 3107 2238
 487244.844 4.88676E-7 596978.741 6.73283E-7 729360.164 9.24341E-76325 3107 2239
 906228.983 1.30202E-6 1099464.28 1.76745E-6 1331721.66 2.39322E-66325 3107 2240
 1622980.00 3.27123E-6 1990397.54 4.51155E-6 2427197.03 6.17619E-66325 3107 2241
 2986193.58 8.56966E-6 3640261.54 1.17110E-5 4503351.70 1.63929E-56325 3107 2242
 5485900.00 2.23960E-5 5621981.84 2.62287E-5 5785500.03 3.15899E-56325 3107 2243
 5976460.73 3.90039E-5 6144331.44 4.72367E-5 6307348.97 5.67652E-56325 3107 2244
 6500000.00 6.99758E-5 6767985.01 8.50306E-5 7000000.00 1.00038E-46325 3107 2245
 7190499.99 1.18991E-4 7423781.87 1.46409E-4 7613400.00 1.72278E-46325 3107 2246
 7831087.03 2.12263E-4 8022434.44 2.53660E-4 8214137.83 3.03119E-46325 3107 2247
 8443655.67 3.73327E-4 8641716.64 4.44818E-4 8902995.18 5.55826E-46325 3107 2248
 9185388.62 6.99599E-4 9410002.06 8.34733E-4 9734540.03 .0010491386325 3107 2249
 10053283.0 .001294514 10308834.6 .001525893 10908503.7 .0021311566325 3107 2250
 11328571.8 .002630254 11691248.5 .003083463 12164322.7 .0036945086325 3107 2251
 12676352.5 .004407411 13787034.6 .005903938 14446000.0 .0066931646325 3107 2252
 16112865.6 .007984554 16732785.3 .008200632 17000000.0 .0082522166325 3107 2253
 17746893.5 .008162814 18382712.8 .007893149 19268055.8 .0073753576325 3107 2254
 20000000.0 .006862856                                            6325 3107 2255
                                                                  6325 3  0 2256
                                                                  6325 0  0 2257
 63151.0000 149.620000          0          1          0          06325 4  2 2258
 0.000000+0 1.496200+2          0          2          0          06325 4  2 2259
 0.000000+0 0.000000+0          0          0          1         616325 4  2 2260
         61          2                                            6325 4  2 2261
 0.000000+0 1.000000-5          0          0          2          06325 4  2 2262
 0.000000+0 0.000000+0                                            6325 4  2 2263
 0.000000+0 2.530000-2          0          0          2          06325 4  2 2264
 0.000000+0 0.000000+0                                            6325 4  2 2265
 0.000000+0 1.000000+3          0          0          2          06325 4  2 2266
 1.892760-3 1.574670-6                                            6325 4  2 2267
 0.000000+0 1.000000+4          0          0          6          06325 4  2 2268
 1.188200-2 1.179300-4 3.073100-8 5.75360-10 4.08080-13 2.95620-166325 4  2 2269
 0.000000+0 2.164400+4          0          0          6          06325 4  2 2270
 2.927700-2 6.432500-4 3.731100-7 1.498300-8 2.31850-11 3.62640-146325 4  2 2271
 0.000000+0 5.000000+4          0          0          6          06325 4  2 2272
 7.224700-2 3.773300-3 5.753400-6 4.930800-7 1.349400-9 1.58050-116325 4  2 2273
 0.000000+0 1.000000+5          0          0          8          06325 4  2 2274
 1.393100-1 1.489100-2 6.169000-5 8.562800-6 4.937200-8 1.122800-96325 4  2 2275
 2.18310-12 3.14120-14                                            6325 4  2 2276
 0.000000+0 1.975100+5          0          0          8          06325 4  2 2277
 2.298400-1 4.920400-2 7.065800-4 1.294600-4 1.613700-6 6.551700-86325 4  2 2278
 4.30180-10 7.74670-12                                            6325 4  2 2279
 0.000000+0 1.978100+5          0          0          8          06325 4  2 2280
 2.300500-1 4.932400-2 7.104500-4 1.302200-4 1.626200-6 6.611100-86325 4  2 2281
 4.34700-10 7.84130-12                                            6325 4  2 2282
 0.000000+0 2.448300+5          0          0          8          06325 4  2 2283
 2.598200-1 6.891900-2 1.530500-3 2.967400-4 4.769100-6 2.339400-76325 4  2 2284
 1.875200-9 4.29870-11                                            6325 4  2 2285
 0.000000+0 2.621400+5          0          0          8          06325 4  2 2286
 2.720900-1 7.719500-2 1.974200-3 3.890300-4 6.786400-6 3.532400-76325 4  2 2287
 3.015200-9 7.47500-11                                            6325 4  2 2288
 0.000000+0 3.000000+5          0          0         10          06325 4  2 2289
 2.962000-1 9.579400-2 3.243100-3 6.590700-4 1.354000-5 7.912900-76325 4  2 2290
 7.641300-9 2.21700-10 3.28570-12 1.15020-14                      6325 4  2 2291
 0.000000+0 3.090500+5          0          0         10          06325 4  2 2292
 3.006700-1 1.000500-1 3.603400-3 7.371800-4 1.570500-5 9.413500-76325 4  2 2293
 9.339400-9 2.80670-10 4.28500-12 1.54380-14                      6325 4  2 2294
 0.000000+0 3.095600+5          0          0         10          06325 4  2 2295
 3.009200-1 1.002800-1 3.624500-3 7.417500-4 1.583400-5 9.504400-76325 4  2 2296
 9.443800-9 2.84360-10 4.34850-12 1.56910-14                      6325 4  2 2297
 0.000000+0 3.521400+5          0          0         10          06325 4  2 2298
 3.263500-1 1.227700-1 5.802000-3 1.221900-3 3.057700-5 2.046500-66325 4  2 2299
 2.284900-8 8.03340-10 1.39710-11 5.70770-14                      6325 4  2 2300
 0.000000+0 3.559600+5          0          0         10          06325 4  2 2301
 3.284400-1 1.247900-1 6.031000-3 1.273200-3 3.229000-5 2.180800-66325 4  2 2302
 2.458700-8 8.75910-10 1.53970-11 6.35610-14                      6325 4  2 2303
 0.000000+0 4.187800+5          0          0         10          06325 4  2 2304
 3.558900-1 1.563800-1 1.055600-2 2.312900-3 7.192900-5 5.563200-66325 4  2 2305
 7.255500-8 3.165200-9 6.53850-11 3.15450-13                      6325 4  2 2306
 0.000000+0 5.000000+5          0          0         10          06325 4  2 2307
 3.861700-1 1.962900-1 1.887500-2 4.321700-3 1.686100-4 1.510700-56325 4  2 2308
 2.219500-7 1.455800-8 2.96870-10 8.42530-12                      6325 4  2 2309
 0.000000+0 8.000000+5          0          0         12          06325 4  2 2310
 4.760500-1 3.187900-1 7.047500-2 1.874800-2 1.368800-3 1.826800-46325 4  2 2311
 4.196000-6 5.093800-7 1.732800-8 6.92700-10 2.32880-11 4.50760-136325 4  2 2312
 0.000000+0 1.000000+6          0          0         12          06325 4  2 2313
 5.343100-1 3.795900-1 1.150000-1 3.361300-2 3.356700-3 5.506400-46325 4  2 2314
 1.611800-5 2.666400-6 1.113100-7 5.613100-9 2.33620-10 5.65210-126325 4  2 2315
 0.000000+0 1.200000+6          0          0         12          06325 4  2 2316
 5.884000-1 4.263500-1 1.595800-1 5.094600-2 6.641300-3 1.307500-36325 4  2 2317
 4.839700-5 1.015800-5 4.982400-7 3.026300-8 1.494400-9 4.34710-116325 4  2 2318
 0.000000+0 1.300000+6          0          0         14          06325 4  2 2319
 6.125500-1 4.454000-1 1.805700-1 6.009000-2 8.839000-3 1.893000-36325 4  2 2320
 7.885000-5 1.819300-5 9.557100-7 6.289700-8 3.344300-9 1.05610-106325 4  2 2321
 3.34720-12 6.19400-14                                            6325 4  2 2322
 0.000000+0 1.350000+6          0          0         14          06325 4  2 2323
 6.237700-1 4.540200-1 1.906300-1 6.472200-2 1.008700-2 2.249600-36325 4  2 2324
 9.943600-5 2.392100-5 1.297300-6 8.863100-8 4.878900-9 1.60220-106325 4  2 2325
 5.26590-12 1.01540-13                                            6325 4  2 2326
 0.000000+0 1.400000+6          0          0         14          06325 4  2 2327
 6.343900-1 4.620800-1 2.003800-1 6.937700-2 1.143900-2 2.653500-36325 4  2 2328
 1.244900-4 3.111800-5 1.739600-6 1.231900-7 7.011000-9 2.39150-106325 4  2 2329
 8.13950-12 1.63330-13                                            6325 4  2 2330
 0.000000+0 1.450000+6          0          0         14          06325 4  2 2331
 6.444100-1 4.696300-1 2.098100-1 7.404500-2 1.289700-2 3.108700-36325 4  2 2332
 1.548300-4 4.007900-5 2.306400-6 1.690400-7 9.933900-9 3.51600-106325 4  2 2333
 1.23760-11 2.58140-13                                            6325 4  2 2334
 0.000000+0 1.500000+6          0          0         14          06325 4  2 2335
 6.538200-1 4.767200-1 2.189300-1 7.871800-2 1.446400-2 3.618800-36325 4  2 2336
 1.913500-4 5.113900-5 3.025500-6 2.291900-7 1.389200-8 5.09730-106325 4  2 2337
 1.85330-11 4.01390-13                                            6325 4  2 2338
 0.000000+0 1.550000+6          0          0         14          06325 4  2 2339
 6.626300-1 4.833800-1 2.277400-1 8.338900-2 1.614100-2 4.187900-36325 4  2 2340
 2.350800-4 6.468200-5 3.923000-6 3.089300-7 1.792000-8 1.027200-96325 4  2 2341
 4.12350-11 1.58360-12                                            6325 4  2 2342
 0.000000+0 1.600000+6          0          0         14          06325 4  2 2343
 6.708500-1 4.896500-1 2.362600-1 8.805500-2 1.793300-2 4.819900-36325 4  2 2344
 2.872100-4 8.113200-5 5.048300-6 4.097600-7 2.448200-8 1.447400-96325 4  2 2345
 6.01510-11 2.38280-12                                            6325 4  2 2346
 0.000000+0 1.650000+6          0          0         14          06325 4  2 2347
 6.785100-1 4.955600-1 2.445000-1 9.271300-2 1.984000-2 5.518600-36325 4  2 2348
 3.490100-4 1.009700-4 6.438900-6 5.381400-7 3.308800-8 2.015600-96325 4  2 2349
 8.66600-11 3.53770-12                                            6325 4  2 2350
 0.000000+0 1.700000+6          0          0         14          06325 4  2 2351
 6.856100-1 5.011500-1 2.524700-1 9.736100-2 2.186500-2 6.287900-36325 4  2 2352
 4.219200-4 1.247200-4 8.144000-6 7.001300-7 4.426200-8 2.776000-96325 4  2 2353
 1.23400-10 5.18620-12                                            6325 4  2 2354
 0.000000+0 1.900000+6          0          0         14          06325 4  2 2355
 7.089400-1 5.208800-1 2.820400-1 1.158600-1 3.116300-2 1.014500-26325 4  2 2356
 8.583400-4 2.713500-4 1.931700-5 1.843400-6 1.293500-7 9.049700-96325 4  2 2357
 4.57290-10 2.14130-11                                            6325 4  2 2358
 0.000000+0 2.100000+6          0          0         14          06325 4  2 2359
 7.253200-1 5.375800-1 3.087000-1 1.342800-1 4.237000-2 1.540100-26325 4  2 2360
 1.623700-3 5.365500-4 4.121900-5 4.318400-6 3.334400-7 2.578800-86325 4  2 2361
 1.472500-9 7.59500-11                                            6325 4  2 2362
 0.000000+0 2.350000+6          0          0         16          06325 4  2 2363
 7.382300-1 5.557700-1 3.390900-1 1.573600-1 5.879600-2 2.412900-26325 4  2 2364
 3.276200-3 1.122200-3 9.388600-5 1.093100-5 9.440800-7 8.197700-86325 4  2 2365
 5.422400-9 3.11590-10 1.40430-11 3.89610-13                      6325 4  2 2366
 0.000000+0 2.684500+6          0          0         16          06325 4  2 2367
 7.468300-1 5.774200-1 3.758100-1 1.884900-1 8.376400-2 3.954400-26325 4  2 2368
 7.220100-3 2.552900-3 2.370200-4 3.138300-5 3.136300-6 3.015900-76325 4  2 2369
 2.790700-8 2.139600-9 1.38690-10 7.63190-12                      6325 4  2 2370
 0.000000+0 3.000000+6          0          0         16          06325 4  2 2371
 7.480100-1 5.939500-1 4.052700-1 2.175300-1 1.085500-1 5.732400-26325 4  2 2372
 1.330100-2 4.802200-3 4.915200-4 7.288500-5 8.323300-6 9.069500-76325 4  2 2373
 9.555700-8 8.467200-9 6.11230-10 3.79150-11                      6325 4  2 2374
 0.000000+0 3.500000+6          0          0         18          06325 4  2 2375
 7.444800-1 6.124800-1 4.408300-1 2.619300-1 1.469900-1 8.984500-26325 4  2 2376
 2.843200-2 1.060400-2 1.282300-3 2.262500-4 3.175500-5 4.127100-66325 4  2 2377
 5.204200-7 5.611400-8 4.697900-9 3.42360-10 1.80920-11 6.88670-136325 4  2 2378
 0.000000+0 4.424400+6          0          0         18          06325 4  2 2379
 7.281100-1 6.146400-1 4.675000-1 3.274200-1 2.055500-1 1.536000-16325 4  2 2380
 7.276200-2 2.996200-2 5.074800-3 1.220200-3 2.390500-4 3.986900-56325 4  2 2381
 6.401000-6 8.925300-7 1.139300-7 1.171500-8 1.079100-9 7.80350-116325 4  2 2382
 0.000000+0 4.923900+6          0          0         20          06325 4  2 2383
 7.176800-1 6.025300-1 4.682400-1 3.527200-1 2.321900-1 1.859700-16325 4  2 2384
 1.030600-1 4.534500-2 9.438000-3 2.618800-3 5.930300-4 1.090200-46325 4  2 2385
 1.951700-5 2.989700-6 4.244800-7 4.855200-8 4.994100-9 3.98450-106325 4  2 2386
 2.73370-11 1.33030-12                                            6325 4  2 2387
 0.000000+0 5.485900+6          0          0         20          06325 4  2 2388
 7.083600-1 5.863300-1 4.661400-1 3.744700-1 2.609300-1 2.192900-16325 4  2 2389
 1.394100-1 6.675000-2 1.759500-2 5.576500-3 1.441400-3 2.896000-46325 4  2 2390
 5.751400-5 9.578600-6 1.485400-6 2.152500-7 2.655700-8 2.984300-96325 4  2 2391
 2.73740-10 2.27130-11                                            6325 4  2 2392
 0.000000+0 6.000000+6          0          0         20          06325 4  2 2393
 7.047200-1 5.752500-1 4.655500-1 3.896200-1 2.865400-1 2.463200-16325 4  2 2394
 1.721700-1 8.967100-2 2.886700-2 1.010600-2 2.874900-3 6.196100-46325 4  2 2395
 1.336200-4 2.392500-5 4.032100-6 6.387900-7 8.670900-8 1.078000-86325 4  2 2396
 1.074100-9 9.71790-11                                            6325 4  2 2397
 0.000000+0 6.500000+6          0          0         20          06325 4  2 2398
 7.072700-1 5.714500-1 4.678300-1 4.011900-1 3.098400-1 2.689300-16325 4  2 2399
 2.013000-1 1.138700-1 4.332300-2 1.646100-2 5.048500-3 1.161000-36325 4  2 2400
 2.691100-4 5.140100-5 9.344000-6 1.604900-6 2.379500-7 3.257600-86325 4  2 2401
 3.494700-9 3.41100-10                                            6325 4  2 2402
 0.000000+0 7.000000+6          0          0         20          06325 4  2 2403
 7.155800-1 5.751000-1 4.729600-1 4.105100-1 3.302500-1 2.876200-16325 4  2 2404
 2.261400-1 1.381600-1 6.026400-2 2.458200-2 8.032700-3 1.972900-36325 4  2 2405
 4.890500-4 9.931800-5 1.935600-5 3.553700-6 6.117000-7 9.389600-86325 4  2 2406
 1.341200-8 1.566900-9                                            6325 4  2 2407
 0.000000+0 7.613400+6          0          0         20          06325 4  2 2408
 7.322300-1 5.884000-1 4.830400-1 4.208300-1 3.509200-1 3.058900-16325 4  2 2409
 2.502800-1 1.657500-1 8.230500-2 3.621800-2 1.270400-2 3.394300-36325 4  2 2410
 9.108000-4 1.985700-4 4.202900-5 8.421600-6 1.585600-6 2.677400-76325 4  2 2411
 4.239200-8 5.385500-9                                            6325 4  2 2412
 0.000000+0 7.987300+6          0          0         20          06325 4  2 2413
 7.442900-1 5.996400-1 4.908200-1 4.271700-1 3.613400-1 3.150000-16325 4  2 2414
 2.618100-1 1.805500-1 9.540000-2 4.376900-2 1.602800-2 4.511400-36325 4  2 2415
 1.270900-3 2.881400-4 6.392600-5 1.346500-5 2.667800-6 4.757400-76325 4  2 2416
 7.985700-8 1.067200-8                                            6325 4  2 2417
 0.000000+0 8.000000+6          0          0         20          06325 4  2 2418
 7.445300-1 5.999000-1 4.909800-1 4.272900-1 3.615800-1 3.152100-16325 4  2 2419
 2.621000-1 1.809800-1 9.581000-2 4.401700-2 1.614300-2 4.551700-36325 4  2 2420
 1.284400-3 2.915600-4 6.478500-5 1.366900-5 2.712600-6 4.845900-76325 4  2 2421
 8.149700-8 1.091000-8                                            6325 4  2 2422
 0.000000+0 8.750000+6          0          0         20          06325 4  2 2423
 7.699000-1 6.263400-1 5.100800-1 4.416700-1 3.791700-1 3.305900-16325 4  2 2424
 2.796600-1 2.055200-1 1.196900-1 5.936300-2 2.378000-2 7.407200-36325 4  2 2425
 2.311800-3 5.581600-4 1.356400-4 3.141800-5 6.825200-6 1.387900-66325 4  2 2426
 2.583400-7 4.521800-8                                            6325 4  2 2427
 0.000000+0 9.000000+6          0          0         20          06325 4  2 2428
 7.781800-1 6.357200-1 5.173700-1 4.471000-1 3.844700-1 3.352200-16325 4  2 2429
 2.843300-1 2.123200-1 1.268300-1 6.440300-2 2.655600-2 8.528500-36325 4  2 2430
 2.754500-3 6.750200-4 1.690600-4 4.036500-5 9.035800-6 1.894200-66325 4  2 2431
 3.639000-7 6.576200-8                                            6325 4  2 2432
 0.000000+0 9.500000+6          0          0         20          06325 4  2 2433
 7.939500-1 6.546600-1 5.330200-1 4.588600-1 3.946800-1 3.440500-16325 4  2 2434
 2.924500-1 2.241500-1 1.398200-1 7.417800-2 3.230400-2 1.098000-26325 4  2 2435
 3.797300-3 9.515700-4 2.540700-4 6.441900-5 1.527700-5 3.394200-66325 4  2 2436
 6.926900-7 1.330000-7                                            6325 4  2 2437
 0.000000+0 1.050000+7          0          0         20          06325 4  2 2438
 8.213800-1 6.912000-1 5.665800-1 4.846700-1 4.145400-1 3.605300-16325 4  2 2439
 3.054400-1 2.420300-1 1.609500-1 9.180000-2 4.379000-2 1.652200-26325 4  2 2440
 6.501300-3 1.682100-3 5.230100-4 1.487800-4 3.913600-5 9.643200-66325 4  2 2441
 2.192500-6 4.687400-7                                            6325 4  2 2442
 0.000000+0 1.150000+7          0          0         20          06325 4  2 2443
 8.430100-1 7.241600-1 6.003700-1 5.118900-1 4.347400-1 3.762300-16325 4  2 2444
 3.165300-1 2.548700-1 1.770500-1 1.067800-1 5.486400-2 2.308600-26325 4  2 2445
 1.014200-2 2.756800-3 1.020600-3 3.189100-4 9.102400-5 2.435900-56325 4  2 2446
 6.115800-6 1.427800-6                                            6325 4  2 2447
 0.000000+0 1.250000+7          0          0         20          06325 4  2 2448
 8.593100-1 7.534800-1 6.335400-1 5.404900-1 4.565400-1 3.926400-16325 4  2 2449
 3.280900-1 2.659900-1 1.907400-1 1.207000-1 6.663600-2 3.154300-26325 4  2 2450
 1.514400-2 4.477100-3 1.947400-3 6.477400-4 1.962900-4 5.612200-56325 4  2 2451
 1.513900-5 3.818200-6                                            6325 4  2 2452
 0.000000+0 1.350000+7          0          0         20          06325 4  2 2453
 8.707000-1 7.791500-1 6.659000-1 5.707300-1 4.808100-1 4.112100-16325 4  2 2454
 3.418800-1 2.780400-1 2.045800-1 1.354300-1 8.039900-2 4.267000-26325 4  2 2455
 2.199600-2 7.250700-3 3.582200-3 1.234000-3 3.909800-4 1.181000-46325 4  2 2456
 3.389700-5 9.194200-6                                            6325 4  2 2457
 0.000000+0 1.410000+7          0          0         20          06325 4  2 2458
 8.752500-1 7.924800-1 6.845100-1 5.894000-1 4.965700-1 4.236800-16325 4  2 2459
 3.516200-1 2.864000-1 2.136700-1 1.451400-1 8.982000-2 5.068000-26325 4  2 2460
 2.710000-2 9.583500-3 5.030000-3 1.751700-3 5.675800-4 1.766400-46325 4  2 2461
 5.246700-5 1.477800-5                                            6325 4  2 2462
 0.000000+0 1.444600+7          0          0         20          06325 4  2 2463
 8.771200-1 7.993400-1 6.947800-1 6.001800-1 5.059800-1 4.313200-16325 4  2 2464
 3.577500-1 2.916800-1 2.192700-1 1.510700-1 9.561500-2 5.569300-26325 4  2 2465
 3.036900-2 1.118700-2 6.053100-3 2.115000-3 6.936100-4 2.195100-46325 4  2 2466
 6.646600-5 1.912200-5                                            6325 4  2 2467
 0.000000+0 1.600000+7          0          0         20          06325 4  2 2468
 8.791900-1 8.209800-1 7.338200-1 6.457100-1 5.486700-1 4.680200-16325 4  2 2469
 3.887100-1 3.187300-1 2.469100-1 1.797700-1 1.232000-1 7.985700-26325 4  2 2470
 4.703900-2 2.067600-2 1.242100-2 4.289700-3 1.487300-3 5.091000-46325 4  2 2471
 1.678100-4 5.292600-5                                            6325 4  2 2472
 0.000000+0 1.650000+7          0          0         20          06325 4  2 2473
 8.779700-1 8.243700-1 7.429000-1 6.580500-1 5.613800-1 4.796700-16325 4  2 2474
 3.989400-1 3.278400-1 2.558900-1 1.889200-1 1.317200-1 8.728300-26325 4  2 2475
 5.252100-2 2.433600-2 1.496800-2 5.103600-3 1.811300-3 6.384200-46325 4  2 2476
 2.165200-4 7.038100-5                                            6325 4  2 2477
 0.000000+0 1.700000+7          0          0         20          06325 4  2 2478
 8.760800-1 8.259900-1 7.498700-1 6.686100-1 5.728800-1 4.905700-16325 4  2 2479
 4.086300-1 3.365500-1 2.643200-1 1.974200-1 1.394800-1 9.401000-26325 4  2 2480
 5.769200-2 2.810800-2 1.761000-2 5.907700-3 2.159500-3 7.864100-46325 4  2 2481
 2.746500-4 9.193100-5                                            6325 4  2 2482
 0.000000+0 1.750000+7          0          0         20          06325 4  2 2483
 8.737000-1 8.259600-1 7.546600-1 6.771500-1 5.828500-1 5.003200-16325 4  2 2484
 4.174300-1 3.444800-1 2.718500-1 2.049500-1 1.462300-1 9.982800-26325 4  2 2485
 6.239100-2 3.187000-2 2.023600-2 6.666700-3 2.531800-3 9.559600-46325 4  2 2486
 3.440200-4 1.185300-4                                            6325 4  2 2487
 0.000000+0 1.800000+7          0          0         20          06325 4  2 2488
 8.709700-1 8.245000-1 7.573800-1 6.836700-1 5.911600-1 5.087300-16325 4  2 2489
 4.250900-1 3.513800-1 2.782800-1 2.113300-1 1.518800-1 1.046900-16325 4  2 2490
 6.656700-2 3.553900-2 2.276000-2 7.366400-3 2.937100-3 1.153200-36325 4  2 2491
 4.275700-4 1.514600-4                                            6325 4  2 2492
 0.000000+0 1.900000+7          0          0         20          06325 4  2 2493
 8.646600-1 8.182500-1 7.577300-1 6.914500-1 6.031000-1 5.215800-16325 4  2 2494
 4.370000-1 3.621300-1 2.880100-1 2.209300-1 1.603800-1 1.122000-16325 4  2 2495
 7.373000-2 4.257100-2 2.741200-2 8.672100-3 3.939500-3 1.674300-36325 4  2 2496
 6.558400-4 2.441800-4                                            6325 4  2 2497
 0.000000+0 2.000000+7          0          0         20          06325 4  2 2498
 8.570400-1 8.088000-1 7.532300-1 6.942300-1 6.103600-1 5.304800-16325 4  2 2499
 4.456200-1 3.700800-1 2.951300-1 2.281100-1 1.671000-1 1.186300-16325 4  2 2500
 8.054200-2 4.961000-2 3.184000-2 1.020700-2 5.433600-3 2.466000-36325 4  2 2501
 1.008100-3 3.905100-4                                            6325 4  2 2502
                                                                  6325 4  0 2503
 63151.0000 149.620000          0          1          0          06325 4 16 2504
 0.000000+0 1.496200+2          0          1          0          06325 4 16 2505
 0.000000+0 0.000000+0          0          0          1         176325 4 16 2506
         17          2                                            6325 4 16 2507
 0.000000+0 7.987300+6          0          0          1          06325 4 16 2508
 0.000000+0                                                       6325 4 16 2509
 0.000000+0 8.000000+6          0          0          1          06325 4 16 2510
 0.000000+0                                                       6325 4 16 2511
 0.000000+0 8.750000+6          0          0          4          06325 4 16 2512
 3.531600-4 6.405800-5 4.389300-5 2.533500-5                      6325 4 16 2513
 0.000000+0 9.000000+6          0          0          4          06325 4 16 2514
 4.719400-4 8.263300-5 5.620100-5 3.276600-5                      6325 4 16 2515
 0.000000+0 9.500000+6          0          0          4          06325 4 16 2516
 7.055800-4 1.191100-4 7.959400-5 4.735500-5                      6325 4 16 2517
 0.000000+0 1.050000+7          0          0          4          06325 4 16 2518
 1.232200-3 2.007600-4 1.291600-4 7.996500-5                      6325 4 16 2519
 0.000000+0 1.150000+7          0          0          4          06325 4 16 2520
 1.863700-3 2.970400-4 1.831200-4 1.178200-4                      6325 4 16 2521
 0.000000+0 1.250000+7          0          0          4          06325 4 16 2522
 2.570000-3 4.032400-4 2.371500-4 1.583300-4                      6325 4 16 2523
 0.000000+0 1.350000+7          0          0          4          06325 4 16 2524
 3.305900-3 5.114600-4 2.858800-4 1.977300-4                      6325 4 16 2525
 0.000000+0 1.410000+7          0          0          4          06325 4 16 2526
 3.743600-3 5.750800-4 3.111900-4 2.196700-4                      6325 4 16 2527
 0.000000+0 1.600000+7          0          0          4          06325 4 16 2528
 5.033800-3 7.613500-4 3.684100-4 2.762700-4                      6325 4 16 2529
 0.000000+0 1.650000+7          0          0          4          06325 4 16 2530
 5.424200-3 8.180600-4 3.835200-4 2.918900-4                      6325 4 16 2531
 0.000000+0 1.700000+7          0          0          4          06325 4 16 2532
 5.872000-3 8.834100-4 4.009000-4 3.095200-4                      6325 4 16 2533
 0.000000+0 1.750000+7          0          0          4          06325 4 16 2534
 6.257200-3 9.394900-4 4.123200-4 3.227700-4                      6325 4 16 2535
 0.000000+0 1.800000+7          0          0          4          06325 4 16 2536
 6.638300-3 9.950900-4 4.219900-4 3.347800-4                      6325 4 16 2537
 0.000000+0 1.900000+7          0          0          4          06325 4 16 2538
 7.361900-3 1.101100-3 4.348100-4 3.537400-4                      6325 4 16 2539
 0.000000+0 2.000000+7          0          0          4          06325 4 16 2540
 8.161400-3 1.219400-3 4.468500-4 3.720100-4                      6325 4 16 2541
                                                                  6325 4  0 2542
 63151.0000 149.620000          0          1          0          06325 4 17 2543
 0.000000+0 1.496200+2          0          1          0          06325 4 17 2544
 0.000000+0 0.000000+0          0          0          1          86325 4 17 2545
          8          2                                            6325 4 17 2546
 0.000000+0 1.444600+7          0          0          1          06325 4 17 2547
 0.000000+0                                                       6325 4 17 2548
 0.000000+0 1.600000+7          0          0          1          06325 4 17 2549
 0.000000+0                                                       6325 4 17 2550
 0.000000+0 1.650000+7          0          0          1          06325 4 17 2551
 0.000000+0                                                       6325 4 17 2552
 0.000000+0 1.700000+7          0          0          1          06325 4 17 2553
 0.000000+0                                                       6325 4 17 2554
 0.000000+0 1.750000+7          0          0          1          06325 4 17 2555
 0.000000+0                                                       6325 4 17 2556
 0.000000+0 1.800000+7          0          0          1          06325 4 17 2557
 0.000000+0                                                       6325 4 17 2558
 0.000000+0 1.900000+7          0          0          1          06325 4 17 2559
 0.000000+0                                                       6325 4 17 2560
 0.000000+0 2.000000+7          0          0          1          06325 4 17 2561
 0.000000+0                                                       6325 4 17 2562
                                                                  6325 4  0 2563
 63151.0000 149.620000          0          1          0          06325 4 22 2564
 0.000000+0 1.496200+2          0          1          0          06325 4 22 2565
 0.000000+0 0.000000+0          0          0          1         126325 4 22 2566
         12          2                                            6325 4 22 2567
 0.000000+0 1.000000-5          0          0          1          06325 4 22 2568
 0.000000+0                                                       6325 4 22 2569
 0.000000+0 1.150000+7          0          0          1          06325 4 22 2570
 0.000000+0                                                       6325 4 22 2571
 0.000000+0 1.250000+7          0          0          4          06325 4 22 2572
-1.044100-2 7.115500-4-1.455700-4 2.825900-5                      6325 4 22 2573
 0.000000+0 1.350000+7          0          0          4          06325 4 22 2574
-1.858300-2 1.156700-3-1.991300-4 3.344100-5                      6325 4 22 2575
 0.000000+0 1.410000+7          0          0          4          06325 4 22 2576
-2.330200-2 1.407700-3-2.285700-4 3.813400-5                      6325 4 22 2577
 0.000000+0 1.600000+7          0          0          4          06325 4 22 2578
-3.186300-2 1.688800-3-2.186200-4 3.212700-5                      6325 4 22 2579
 0.000000+0 1.650000+7          0          0          4          06325 4 22 2580
-2.716900-2 1.370500-3-1.539800-4 2.453700-5                      6325 4 22 2581
 0.000000+0 1.700000+7          0          0          4          06325 4 22 2582
-2.580900-2 1.270500-3-1.338000-4 2.109500-5                      6325 4 22 2583
 0.000000+0 1.750000+7          0          0          4          06325 4 22 2584
-2.384000-2 1.152200-3-1.133000-4 1.797300-5                      6325 4 22 2585
 0.000000+0 1.800000+7          0          0          4          06325 4 22 2586
-2.167500-2 1.034700-3-9.485600-5 1.560800-5                      6325 4 22 2587
 0.000000+0 1.900000+7          0          0          4          06325 4 22 2588
-1.749200-2 8.189800-4-6.424900-5 1.266500-5                      6325 4 22 2589
 0.000000+0 2.000000+7          0          0          4          06325 4 22 2590
-1.408800-2 6.501600-4-4.150500-5 1.175100-5                      6325 4 22 2591
                                                                  6325 4  0 2592
 63151.0000 149.620000          0          1          0          06325 4 28 2593
 0.000000+0 1.496200+2          0          1          0          06325 4 28 2594
 0.000000+0 0.000000+0          0          0          1         126325 4 28 2595
         12          2                                            6325 4 28 2596
 0.000000+0 4.923900+6          0          0          1          06325 4 28 2597
 0.000000+0                                                       6325 4 28 2598
 0.000000+0 1.150000+7          0          0          1          06325 4 28 2599
 0.000000+0                                                       6325 4 28 2600
 0.000000+0 1.250000+7          0          0          4          06325 4 28 2601
-1.168200-2 2.373300-4-2.119700-5 2.885100-6                      6325 4 28 2602
 0.000000+0 1.350000+7          0          0          4          06325 4 28 2603
-1.188900-2 2.725800-4-2.847400-5 2.311900-6                      6325 4 28 2604
 0.000000+0 1.410000+7          0          0          4          06325 4 28 2605
-1.222600-2 2.690100-4-2.582100-5 1.907500-6                      6325 4 28 2606
 0.000000+0 1.600000+7          0          0          4          06325 4 28 2607
-1.045900-2 2.208900-4-1.754600-5 6.191400-7                      6325 4 28 2608
 0.000000+0 1.650000+7          0          0          4          06325 4 28 2609
-9.012200-3 1.796700-4-5.783300-6 2.149200-7                      6325 4 28 2610
 0.000000+0 1.700000+7          0          0          4          06325 4 28 2611
-8.019600-3 1.599600-4-4.092300-6 6.048200-7                      6325 4 28 2612
 0.000000+0 1.750000+7          0          0          4          06325 4 28 2613
-7.057600-3 1.401500-4-2.390200-6 1.050700-6                      6325 4 28 2614
 0.000000+0 1.800000+7          0          0          4          06325 4 28 2615
-6.176600-3 1.219600-4-8.344200-7 1.539200-6                      6325 4 28 2616
 0.000000+0 1.900000+7          0          0          4          06325 4 28 2617
-4.737100-3 9.560400-5 1.448000-6 2.466900-6                      6325 4 28 2618
 0.000000+0 2.000000+7          0          0          4          06325 4 28 2619
-3.913100-3 8.737400-5 2.600100-6 3.220000-6                      6325 4 28 2620
                                                                  6325 4  0 2621
 63151.0000 149.620000          0          1          0          06325 4 51 2622
 0.000000+0 1.496200+2          0          2          0          06325 4 51 2623
 0.000000+0 0.000000+0          0          0          1         456325 4 51 2624
         45          2                                            6325 4 51 2625
 0.000000+0 2.164400+4          0          0          1          06325 4 51 2626
 0.000000+0                                                       6325 4 51 2627
 0.000000+0 5.000000+4          0          0          1          06325 4 51 2628
 0.000000+0                                                       6325 4 51 2629
 0.000000+0 1.000000+5          0          0          1          06325 4 51 2630
 0.000000+0                                                       6325 4 51 2631
 0.000000+0 1.975100+5          0          0          1          06325 4 51 2632
 0.000000+0                                                       6325 4 51 2633
 0.000000+0 2.448300+5          0          0          1          06325 4 51 2634
 0.000000+0                                                       6325 4 51 2635
 0.000000+0 3.000000+5          0          0          1          06325 4 51 2636
 0.000000+0                                                       6325 4 51 2637
 0.000000+0 3.095600+5          0          0          1          06325 4 51 2638
 0.000000+0                                                       6325 4 51 2639
 0.000000+0 3.559600+5          0          0          1          06325 4 51 2640
 0.000000+0                                                       6325 4 51 2641
 0.000000+0 5.000000+5          0          0          1          06325 4 51 2642
 0.000000+0                                                       6325 4 51 2643
 0.000000+0 1.000000+6          0          0          1          06325 4 51 2644
 0.000000+0                                                       6325 4 51 2645
 0.000000+0 1.300000+6          0          0          1          06325 4 51 2646
 0.000000+0                                                       6325 4 51 2647
 0.000000+0 1.350000+6          0          0          1          06325 4 51 2648
 0.000000+0                                                       6325 4 51 2649
 0.000000+0 1.400000+6          0          0          1          06325 4 51 2650
 0.000000+0                                                       6325 4 51 2651
 0.000000+0 1.450000+6          0          0          1          06325 4 51 2652
 0.000000+0                                                       6325 4 51 2653
 0.000000+0 1.500000+6          0          0          1          06325 4 51 2654
 0.000000+0                                                       6325 4 51 2655
 0.000000+0 1.550000+6          0          0          1          06325 4 51 2656
 0.000000+0                                                       6325 4 51 2657
 0.000000+0 1.600000+6          0          0          1          06325 4 51 2658
 0.000000+0                                                       6325 4 51 2659
 0.000000+0 1.700000+6          0          0          1          06325 4 51 2660
 0.000000+0                                                       6325 4 51 2661
 0.000000+0 1.900000+6          0          0          1          06325 4 51 2662
 0.000000+0                                                       6325 4 51 2663
 0.000000+0 2.100000+6          0          0          1          06325 4 51 2664
 0.000000+0                                                       6325 4 51 2665
 0.000000+0 2.350000+6          0          0          1          06325 4 51 2666
 0.000000+0                                                       6325 4 51 2667
 0.000000+0 2.684500+6          0          0         20          06325 4 51 2668
 1.414600-1-3.318300-4-4.338600-3-4.657800-2-1.333700-3 7.784700-36325 4 51 2669
-2.651700-3 3.355100-3-3.909200-5 7.644000-5 2.273600-6 1.735300-66325 4 51 2670
 8.287600-7 1.797800-6 1.012900-6 2.350400-6 1.347300-6 3.019100-66325 4 51 2671
 1.715600-6 3.721800-6                                            6325 4 51 2672
 0.000000+0 3.000000+6          0          0         20          06325 4 51 2673
 1.443000-1-1.213700-2-6.580300-3-4.852400-2 1.274600-3 4.269200-36325 4 51 2674
-3.742200-3 5.375900-3-1.497700-4 1.461400-4 2.964900-6 2.104100-66325 4 51 2675
 8.607700-7 1.625900-6 1.052100-6 2.199800-6 1.339000-6 2.773600-66325 4 51 2676
 1.721500-6 3.443100-6                                            6325 4 51 2677
 0.000000+0 3.500000+6          0          0         20          06325 4 51 2678
 1.527800-1-1.530400-2-7.123700-3-4.498700-2 1.413700-3-3.433900-36325 4 51 2679
-3.306100-3 8.535600-3-7.738500-4 3.952800-4-5.012200-6 3.931100-66325 4 51 2680
 9.827900-7 1.670700-6 1.081100-6 2.162100-6 1.375900-6 2.751800-66325 4 51 2681
 1.769000-6 3.439800-6                                            6325 4 51 2682
 0.000000+0 4.923900+6          0          0         20          06325 4 51 2683
 2.055400-1 3.140600-2 6.746300-3-2.196500-2 5.107300-4-2.084300-36325 4 51 2684
 8.056000-3 7.007700-3-4.613200-3 2.445400-3-3.915400-4 5.458200-56325 4 51 2685
 3.056600-6 4.313800-6 2.370000-6 4.038200-6 2.781100-6 5.097300-66325 4 51 2686
 3.444100-6 6.339400-6                                            6325 4 51 2687
 0.000000+0 5.485900+6          0          0         20          06325 4 51 2688
 2.227700-1 4.609500-2 1.294100-2-1.268300-2 1.110400-3-2.545600-46325 4 51 2689
 9.967800-3 3.155600-3-4.897300-3 3.852600-3-9.001800-4 1.889600-46325 4 51 2690
 1.372900-5 1.010400-5 3.780400-6 4.839900-6 3.261500-6 5.834400-66325 4 51 2691
 4.052100-6 7.220000-6                                            6325 4 51 2692
 0.000000+0 6.000000+6          0          0         20          06325 4 51 2693
 2.378100-1 5.856100-2 1.835800-2-4.447400-3 1.586500-3 1.150500-36325 4 51 2694
 1.132100-2-5.098500-4-4.976400-3 5.177900-3-1.397000-3 3.253400-46325 4 51 2695
 2.481200-5 1.597900-5 5.161000-6 5.558000-6 3.672200-6 6.451200-66325 4 51 2696
 4.565500-6 7.940000-6                                            6325 4 51 2697
 0.000000+0 7.000000+6          0          0         20          06325 4 51 2698
 2.607900-1 6.777800-2 2.042400-2-2.098200-4-1.409900-3-2.813400-36325 4 51 2699
 8.080400-3-5.458700-3-1.013400-3 7.371900-3-2.653700-3 1.143500-36325 4 51 2700
 1.320400-4 6.825400-5 1.639300-5 7.948000-6 4.371400-6 6.557100-66325 4 51 2701
 4.868200-6 8.047400-6                                            6325 4 51 2702
 0.000000+0 7.613400+6          0          0         20          06325 4 51 2703
 2.757700-1 7.492700-2 2.165700-2-1.290200-3-2.363500-3-5.269500-36325 4 51 2704
 7.160600-3-5.289800-3 2.306000-3 7.191900-3-3.395800-3 2.205200-36325 4 51 2705
 2.953000-4 1.728800-4 3.957600-5 1.374600-5 5.959700-6 6.988200-66325 4 51 2706
 5.359100-6 8.235400-6                                            6325 4 51 2707
 0.000000+0 7.987300+6          0          0         20          06325 4 51 2708
 2.849000-1 7.928700-2 2.240900-2-1.949100-3-2.945200-3-6.767800-36325 4 51 2709
 6.599000-3-5.186500-3 4.331200-3 7.081700-3-3.848400-3 2.852900-36325 4 51 2710
 3.949100-4 2.367100-4 5.371900-5 1.728300-5 6.928500-6 7.250800-66325 4 51 2711
 5.658400-6 8.349800-6                                            6325 4 51 2712
 0.000000+0 8.750000+6          0          0         20          06325 4 51 2713
 3.028500-1 9.600100-2 2.802700-2-1.534800-3 2.805400-4-5.913000-36325 4 51 2714
 9.085600-3-2.094600-3 6.651200-3 3.445300-3-4.474000-3 5.067600-36325 4 51 2715
 6.902000-4 5.899500-4 1.259600-4 3.823700-5 1.293600-5 9.204700-66325 4 51 2716
 7.090100-6 9.329100-6                                            6325 4 51 2717
 0.000000+0 9.000000+6          0          0         20          06325 4 51 2718
 3.087400-1 1.015300-1 2.989200-2-1.388900-3 1.363200-3-5.610700-36325 4 51 2719
 9.921300-3-1.064300-3 7.402100-3 2.233300-3-4.677500-3 5.799100-36325 4 51 2720
 7.875700-4 7.070500-4 1.498900-4 4.518600-5 1.492900-5 9.853400-66325 4 51 2721
 7.564200-6 9.654300-6                                            6325 4 51 2722
 0.000000+0 9.500000+6          0          0         20          06325 4 51 2723
 3.155800-1 1.154000-1 3.501300-2 6.580800-4 4.938200-3-3.442700-36325 4 51 2724
 1.184100-2 1.154400-4 6.512900-3-2.373300-3-4.289400-3 7.710100-36325 4 51 2725
 8.369400-4 1.280800-3 2.351700-4 7.492200-5 2.359700-5 1.259500-56325 4 51 2726
 8.761600-6 1.045400-5                                            6325 4 51 2727
 0.000000+0 1.050000+7          0          0         20          06325 4 51 2728
 3.179400-1 1.399200-1 4.506300-2 6.292800-3 1.152100-2 2.433400-46325 4 51 2729
 1.387700-2 1.839100-4 3.661500-3-1.090200-2-1.739900-3 1.088400-26325 4 51 2730
 3.091400-4 3.020600-3 3.782300-4 1.470500-4 4.627700-5 2.022400-56325 4 51 2731
 1.160700-5 1.210500-5                                            6325 4 51 2732
 0.000000+0 1.150000+7          0          0         20          06325 4 51 2733
 2.957500-1 1.505300-1 5.334700-2 1.597600-2 1.798800-2 4.084000-36325 4 51 2734
 1.431100-2-9.236500-4 2.333900-3-1.414600-2 3.952200-3 1.099500-26325 4 51 2735
-1.614300-3 5.932900-3 2.725800-4 2.275700-4 7.770200-5 3.344300-56325 4 51 2736
 1.639800-5 1.465300-5                                            6325 4 51 2737
 0.000000+0 1.250000+7          0          0         20          06325 4 51 2738
 2.579500-1 1.407000-1 5.611700-2 2.740600-2 2.503700-2 1.095900-26325 4 51 2739
 1.704700-2 2.673200-3 6.544800-3-9.600500-3 9.690500-3 6.170900-36325 4 51 2740
-4.129900-3 9.548600-3-4.292000-4 3.231000-4 1.241500-4 5.778900-56325 4 51 2741
 2.587800-5 1.949600-5                                            6325 4 51 2742
 0.000000+0 1.350000+7          0          0         20          06325 4 51 2743
 2.283400-1 1.226200-1 5.153400-2 3.220800-2 2.889700-2 1.849700-26325 4 51 2744
 2.132700-2 9.820400-3 1.279700-2-3.534900-3 1.100300-2-1.869600-36325 4 51 2745
-5.196300-3 1.295500-2-1.833500-3 5.716500-4 2.263700-4 1.099200-46325 4 51 2746
 4.578400-5 2.777900-5                                            6325 4 51 2747
 0.000000+0 1.410000+7          0          0         20          06325 4 51 2748
 2.196700-1 1.155800-1 4.724800-2 3.057600-2 2.823700-2 2.079100-26325 4 51 2749
 2.269900-2 1.304100-2 1.511000-2-1.802000-3 9.422300-3-6.790600-36325 4 51 2750
-4.673700-3 1.460100-2-2.947000-3 9.167200-4 3.449900-4 1.675300-46325 4 51 2751
 6.749500-5 3.579800-5                                            6325 4 51 2752
 0.000000+0 1.600000+7          0          0         20          06325 4 51 2753
 2.358200-1 1.389600-1 4.174700-2 9.646700-3 1.056700-2 7.630900-36325 4 51 2754
 1.339500-2 6.687500-3 8.206500-3-1.063300-2-3.619400-3-1.728100-26325 4 51 2755
 3.303300-3 1.667400-2-7.651400-3 3.841500-3 1.208400-3 5.759500-46325 4 51 2756
 2.222200-4 9.050300-5                                            6325 4 51 2757
 0.000000+0 1.650000+7          0          0         20          06325 4 51 2758
 2.331900-1 1.495500-1 4.596000-2 9.993400-3 8.519200-3 3.343800-36325 4 51 2759
 1.011400-2 3.012800-3 5.253600-3-1.299300-2-4.719700-3-1.653700-26325 4 51 2760
 5.666100-3 1.450000-2-9.283800-3 5.945500-3 1.572300-3 7.841500-46325 4 51 2761
 3.075200-4 1.259400-4                                            6325 4 51 2762
 0.000000+0 1.700000+7          0          0         20          06325 4 51 2763
 2.305600-1 1.601400-1 5.017300-2 1.034000-2 6.470600-3-9.445400-46325 4 51 2764
 6.832400-3-6.628800-4 2.299800-3-1.535400-2-5.820300-3-1.579300-26325 4 51 2765
 8.029400-3 1.232600-2-1.091700-2 8.050000-3 1.936300-3 9.924000-46325 4 51 2766
 3.928500-4 1.613900-4                                            6325 4 51 2767
 0.000000+0 1.750000+7          0          0         20          06325 4 51 2768
 2.279300-1 1.707300-1 5.438700-2 1.068700-2 4.421500-3-5.233900-36325 4 51 2769
 3.549700-3-4.339500-3-6.546500-4-1.771500-2-6.921100-3-1.504800-26325 4 51 2770
 1.039300-2 1.015100-2-1.255000-2 1.015500-2 2.300500-3 1.200700-36325 4 51 2771
 4.781900-4 1.968500-4                                            6325 4 51 2772
 0.000000+0 1.800000+7          0          0         20          06325 4 51 2773
 2.253000-1 1.813200-1 5.860200-2 1.103400-2 2.371900-3-9.524300-36325 4 51 2774
 2.662500-4-8.017000-3-3.609900-3-2.007700-2-8.022200-3-1.430300-26325 4 51 2775
 1.275800-2 7.975900-3-1.418300-2 1.226000-2 2.664600-3 1.409000-36325 4 51 2776
 5.635600-4 2.323100-4                                            6325 4 51 2777
 0.000000+0 1.900000+7          0          0         20          06325 4 51 2778
 1.933400-1 1.697000-1 5.498900-2 1.946800-2 7.623400-3-6.009800-36325 4 51 2779
 2.819600-3-5.747300-3-9.972100-4-1.551000-2-3.413500-3-1.003700-26325 4 51 2780
 1.090700-2-9.542600-4-1.498100-2 1.786500-2 2.249700-3 1.639900-36325 4 51 2781
 6.932200-4 3.126300-4                                            6325 4 51 2782
 0.000000+0 2.000000+7          0          0         20          06325 4 51 2783
 1.613700-1 1.580600-1 5.137200-2 2.790600-2 1.287800-2-2.493000-36325 4 51 2784
 5.374300-3-3.475900-3 1.617000-3-1.093900-2 1.198100-3-5.766700-36325 4 51 2785
 9.055200-3-9.889600-3-1.577900-2 2.347200-2 1.834400-3 1.870800-36325 4 51 2786
 8.229100-4 3.929700-4                                            6325 4 51 2787
                                                                  6325 4  0 2788
 63151.0000 149.620000          0          1          0          06325 4 52 2789
 0.000000+0 1.496200+2          0          2          0          06325 4 52 2790
 0.000000+0 0.000000+0          0          0          1         426325 4 52 2791
         42          2                                            6325 4 52 2792
 0.000000+0 1.975100+5          0          0          1          06325 4 52 2793
 0.000000+0                                                       6325 4 52 2794
 0.000000+0 2.448300+5          0          0          1          06325 4 52 2795
 0.000000+0                                                       6325 4 52 2796
 0.000000+0 3.000000+5          0          0          1          06325 4 52 2797
 0.000000+0                                                       6325 4 52 2798
 0.000000+0 3.095600+5          0          0          1          06325 4 52 2799
 0.000000+0                                                       6325 4 52 2800
 0.000000+0 3.559600+5          0          0          1          06325 4 52 2801
 0.000000+0                                                       6325 4 52 2802
 0.000000+0 5.000000+5          0          0          1          06325 4 52 2803
 0.000000+0                                                       6325 4 52 2804
 0.000000+0 1.000000+6          0          0          1          06325 4 52 2805
 0.000000+0                                                       6325 4 52 2806
 0.000000+0 1.300000+6          0          0          1          06325 4 52 2807
 0.000000+0                                                       6325 4 52 2808
 0.000000+0 1.350000+6          0          0          1          06325 4 52 2809
 0.000000+0                                                       6325 4 52 2810
 0.000000+0 1.400000+6          0          0          1          06325 4 52 2811
 0.000000+0                                                       6325 4 52 2812
 0.000000+0 1.450000+6          0          0          1          06325 4 52 2813
 0.000000+0                                                       6325 4 52 2814
 0.000000+0 1.500000+6          0          0          1          06325 4 52 2815
 0.000000+0                                                       6325 4 52 2816
 0.000000+0 1.550000+6          0          0          1          06325 4 52 2817
 0.000000+0                                                       6325 4 52 2818
 0.000000+0 1.600000+6          0          0          1          06325 4 52 2819
 0.000000+0                                                       6325 4 52 2820
 0.000000+0 1.700000+6          0          0          1          06325 4 52 2821
 0.000000+0                                                       6325 4 52 2822
 0.000000+0 1.900000+6          0          0          1          06325 4 52 2823
 0.000000+0                                                       6325 4 52 2824
 0.000000+0 2.100000+6          0          0          1          06325 4 52 2825
 0.000000+0                                                       6325 4 52 2826
 0.000000+0 2.350000+6          0          0          1          06325 4 52 2827
 0.000000+0                                                       6325 4 52 2828
 0.000000+0 2.684500+6          0          0          1          06325 4 52 2829
 0.000000+0                                                       6325 4 52 2830
 0.000000+0 3.000000+6          0          0          1          06325 4 52 2831
 0.000000+0                                                       6325 4 52 2832
 0.000000+0 3.500000+6          0          0          1          06325 4 52 2833
 0.000000+0                                                       6325 4 52 2834
 0.000000+0 4.923900+6          0          0          4          06325 4 52 2835
 1.126000-1 2.058600-2 1.540300-2 7.564800-3                      6325 4 52 2836
 0.000000+0 5.485900+6          0          0          4          06325 4 52 2837
 1.265100-1 2.269600-2 1.685200-2 8.473300-3                      6325 4 52 2838
 0.000000+0 6.000000+6          0          0          4          06325 4 52 2839
 1.335000-1 2.356100-2 1.734400-2 8.912400-3                      6325 4 52 2840
 0.000000+0 7.000000+6          0          0          4          06325 4 52 2841
 1.400900-1 2.401100-2 1.730900-2 9.280400-3                      6325 4 52 2842
 0.000000+0 7.613400+6          0          0          4          06325 4 52 2843
 1.423000-1 2.399500-2 1.703200-2 9.371800-3                      6325 4 52 2844
 0.000000+0 7.987300+6          0          0          4          06325 4 52 2845
 1.433900-1 2.395200-2 1.682600-2 9.405100-3                      6325 4 52 2846
 0.000000+0 8.750000+6          0          0          4          06325 4 52 2847
 1.452900-1 2.384000-2 1.636200-2 9.440500-3                      6325 4 52 2848
 0.000000+0 9.000000+6          0          0          4          06325 4 52 2849
 1.458600-1 2.380300-2 1.620200-2 9.444900-3                      6325 4 52 2850
 0.000000+0 9.500000+6          0          0          4          06325 4 52 2851
 1.469500-1 2.373300-2 1.587500-2 9.445100-3                      6325 4 52 2852
 0.000000+0 1.050000+7          0          0          4          06325 4 52 2853
 1.490100-1 2.361900-2 1.520600-2 9.414600-3                      6325 4 52 2854
 0.000000+0 1.150000+7          0          0          4          06325 4 52 2855
 1.509700-1 2.354500-2 1.452500-2 9.345900-3                      6325 4 52 2856
 0.000000+0 1.250000+7          0          0          4          06325 4 52 2857
 1.528500-1 2.351300-2 1.384000-2 9.240700-3                      6325 4 52 2858
 0.000000+0 1.350000+7          0          0          4          06325 4 52 2859
 1.546600-1 2.351900-2 1.315600-2 9.100200-3                      6325 4 52 2860
 0.000000+0 1.410000+7          0          0          4          06325 4 52 2861
 1.557200-1 2.354100-2 1.274800-2 8.999300-3                      6325 4 52 2862
 0.000000+0 1.600000+7          0          0          4          06325 4 52 2863
 1.589300-1 2.368900-2 1.147100-2 8.602000-3                      6325 4 52 2864
 0.000000+0 1.650000+7          0          0          4          06325 4 52 2865
 1.597500-1 2.374600-2 1.114000-2 8.478800-3                      6325 4 52 2866
 0.000000+0 1.700000+7          0          0          4          06325 4 52 2867
 1.605500-1 2.381000-2 1.081300-2 8.348200-3                      6325 4 52 2868
 0.000000+0 1.750000+7          0          0          4          06325 4 52 2869
 1.613400-1 2.388100-2 1.048800-2 8.210600-3                      6325 4 52 2870
 0.000000+0 1.800000+7          0          0          4          06325 4 52 2871
 1.621100-1 2.395800-2 1.016700-2 8.066100-3                      6325 4 52 2872
 0.000000+0 1.900000+7          0          0          4          06325 4 52 2873
 1.636300-1 2.412900-2 9.535400-3 7.757800-3                      6325 4 52 2874
 0.000000+0 2.000000+7          0          0          4          06325 4 52 2875
 1.650900-1 2.432200-2 8.919200-3 7.425600-3                      6325 4 52 2876
                                                                  6325 4  0 2877
 63151.0000 149.620000          0          1          0          06325 4 53 2878
 0.000000+0 1.496200+2          0          2          0          06325 4 53 2879
 0.000000+0 0.000000+0          0          0          1         426325 4 53 2880
         42          2                                            6325 4 53 2881
 0.000000+0 1.978100+5          0          0          1          06325 4 53 2882
 0.000000+0                                                       6325 4 53 2883
 0.000000+0 2.448300+5          0          0          1          06325 4 53 2884
 0.000000+0                                                       6325 4 53 2885
 0.000000+0 3.000000+5          0          0          1          06325 4 53 2886
 0.000000+0                                                       6325 4 53 2887
 0.000000+0 3.095600+5          0          0          1          06325 4 53 2888
 0.000000+0                                                       6325 4 53 2889
 0.000000+0 3.559600+5          0          0          1          06325 4 53 2890
 0.000000+0                                                       6325 4 53 2891
 0.000000+0 5.000000+5          0          0          1          06325 4 53 2892
 0.000000+0                                                       6325 4 53 2893
 0.000000+0 1.000000+6          0          0          1          06325 4 53 2894
 0.000000+0                                                       6325 4 53 2895
 0.000000+0 1.300000+6          0          0          1          06325 4 53 2896
 0.000000+0                                                       6325 4 53 2897
 0.000000+0 1.350000+6          0          0          1          06325 4 53 2898
 0.000000+0                                                       6325 4 53 2899
 0.000000+0 1.400000+6          0          0          1          06325 4 53 2900
 0.000000+0                                                       6325 4 53 2901
 0.000000+0 1.450000+6          0          0          1          06325 4 53 2902
 0.000000+0                                                       6325 4 53 2903
 0.000000+0 1.500000+6          0          0          1          06325 4 53 2904
 0.000000+0                                                       6325 4 53 2905
 0.000000+0 1.550000+6          0          0          1          06325 4 53 2906
 0.000000+0                                                       6325 4 53 2907
 0.000000+0 1.600000+6          0          0          1          06325 4 53 2908
 0.000000+0                                                       6325 4 53 2909
 0.000000+0 1.700000+6          0          0          1          06325 4 53 2910
 0.000000+0                                                       6325 4 53 2911
 0.000000+0 1.900000+6          0          0          1          06325 4 53 2912
 0.000000+0                                                       6325 4 53 2913
 0.000000+0 2.100000+6          0          0          1          06325 4 53 2914
 0.000000+0                                                       6325 4 53 2915
 0.000000+0 2.350000+6          0          0          1          06325 4 53 2916
 0.000000+0                                                       6325 4 53 2917
 0.000000+0 2.684500+6          0          0          1          06325 4 53 2918
 0.000000+0                                                       6325 4 53 2919
 0.000000+0 3.000000+6          0          0          1          06325 4 53 2920
 0.000000+0                                                       6325 4 53 2921
 0.000000+0 3.500000+6          0          0          1          06325 4 53 2922
 0.000000+0                                                       6325 4 53 2923
 0.000000+0 4.923900+6          0          0          4          06325 4 53 2924
 1.196400-1 2.187300-2 1.636600-2 8.037700-3                      6325 4 53 2925
 0.000000+0 5.485900+6          0          0          4          06325 4 53 2926
 1.299400-1 2.331100-2 1.730900-2 8.703000-3                      6325 4 53 2927
 0.000000+0 6.000000+6          0          0          4          06325 4 53 2928
 1.351700-1 2.385600-2 1.756100-2 9.023900-3                      6325 4 53 2929
 0.000000+0 7.000000+6          0          0          4          06325 4 53 2930
 1.404900-1 2.407900-2 1.735800-2 9.306700-3                      6325 4 53 2931
 0.000000+0 7.613400+6          0          0          4          06325 4 53 2932
 1.424700-1 2.402300-2 1.705200-2 9.382800-3                      6325 4 53 2933
 0.000000+0 7.987300+6          0          0          4          06325 4 53 2934
 1.434900-1 2.396800-2 1.683700-2 9.411600-3                      6325 4 53 2935
 0.000000+0 8.750000+6          0          0          4          06325 4 53 2936
 1.453200-1 2.384600-2 1.636600-2 9.442800-3                      6325 4 53 2937
 0.000000+0 9.000000+6          0          0          4          06325 4 53 2938
 1.458800-1 2.380700-2 1.620500-2 9.446600-3                      6325 4 53 2939
 0.000000+0 9.500000+6          0          0          4          06325 4 53 2940
 1.469600-1 2.373500-2 1.587700-2 9.446000-3                      6325 4 53 2941
 0.000000+0 1.050000+7          0          0          4          06325 4 53 2942
 1.490200-1 2.361900-2 1.520600-2 9.414800-3                      6325 4 53 2943
 0.000000+0 1.150000+7          0          0          4          06325 4 53 2944
 1.509700-1 2.354500-2 1.452500-2 9.346000-3                      6325 4 53 2945
 0.000000+0 1.250000+7          0          0          4          06325 4 53 2946
 1.528500-1 2.351300-2 1.384100-2 9.240800-3                      6325 4 53 2947
 0.000000+0 1.350000+7          0          0          4          06325 4 53 2948
 1.546600-1 2.351900-2 1.315600-2 9.100200-3                      6325 4 53 2949
 0.000000+0 1.410000+7          0          0          4          06325 4 53 2950
 1.557200-1 2.354100-2 1.274800-2 8.999300-3                      6325 4 53 2951
 0.000000+0 1.600000+7          0          0          4          06325 4 53 2952
 1.589300-1 2.368900-2 1.147100-2 8.602000-3                      6325 4 53 2953
 0.000000+0 1.650000+7          0          0          4          06325 4 53 2954
 1.597500-1 2.374600-2 1.114000-2 8.478800-3                      6325 4 53 2955
 0.000000+0 1.700000+7          0          0          4          06325 4 53 2956
 1.605500-1 2.381000-2 1.081300-2 8.348200-3                      6325 4 53 2957
 0.000000+0 1.750000+7          0          0          4          06325 4 53 2958
 1.613400-1 2.388100-2 1.048800-2 8.210600-3                      6325 4 53 2959
 0.000000+0 1.800000+7          0          0          4          06325 4 53 2960
 1.621100-1 2.395800-2 1.016700-2 8.066100-3                      6325 4 53 2961
 0.000000+0 1.900000+7          0          0          4          06325 4 53 2962
 1.636300-1 2.412900-2 9.535400-3 7.757800-3                      6325 4 53 2963
 0.000000+0 2.000000+7          0          0          4          06325 4 53 2964
 1.650900-1 2.432200-2 8.919200-3 7.425600-3                      6325 4 53 2965
                                                                  6325 4  0 2966
 63151.0000 149.620000          0          1          0          06325 4 54 2967
 0.000000+0 1.496200+2          0          2          0          06325 4 54 2968
 0.000000+0 0.000000+0          0          0          1         416325 4 54 2969
         41          2                                            6325 4 54 2970
 0.000000+0 2.448300+5          0          0          1          06325 4 54 2971
 0.000000+0                                                       6325 4 54 2972
 0.000000+0 3.000000+5          0          0          1          06325 4 54 2973
 0.000000+0                                                       6325 4 54 2974
 0.000000+0 3.095600+5          0          0          1          06325 4 54 2975
 0.000000+0                                                       6325 4 54 2976
 0.000000+0 3.559600+5          0          0          1          06325 4 54 2977
 0.000000+0                                                       6325 4 54 2978
 0.000000+0 5.000000+5          0          0          1          06325 4 54 2979
 0.000000+0                                                       6325 4 54 2980
 0.000000+0 1.000000+6          0          0          1          06325 4 54 2981
 0.000000+0                                                       6325 4 54 2982
 0.000000+0 1.300000+6          0          0          1          06325 4 54 2983
 0.000000+0                                                       6325 4 54 2984
 0.000000+0 1.350000+6          0          0          1          06325 4 54 2985
 0.000000+0                                                       6325 4 54 2986
 0.000000+0 1.400000+6          0          0          1          06325 4 54 2987
 0.000000+0                                                       6325 4 54 2988
 0.000000+0 1.450000+6          0          0          1          06325 4 54 2989
 0.000000+0                                                       6325 4 54 2990
 0.000000+0 1.500000+6          0          0          1          06325 4 54 2991
 0.000000+0                                                       6325 4 54 2992
 0.000000+0 1.550000+6          0          0          1          06325 4 54 2993
 0.000000+0                                                       6325 4 54 2994
 0.000000+0 1.600000+6          0          0          1          06325 4 54 2995
 0.000000+0                                                       6325 4 54 2996
 0.000000+0 1.700000+6          0          0          1          06325 4 54 2997
 0.000000+0                                                       6325 4 54 2998
 0.000000+0 1.900000+6          0          0          1          06325 4 54 2999
 0.000000+0                                                       6325 4 54 3000
 0.000000+0 2.100000+6          0          0          1          06325 4 54 3001
 0.000000+0                                                       6325 4 54 3002
 0.000000+0 2.350000+6          0          0          1          06325 4 54 3003
 0.000000+0                                                       6325 4 54 3004
 0.000000+0 2.684500+6          0          0          1          06325 4 54 3005
 0.000000+0                                                       6325 4 54 3006
 0.000000+0 3.000000+6          0          0          1          06325 4 54 3007
 0.000000+0                                                       6325 4 54 3008
 0.000000+0 3.500000+6          0          0          1          06325 4 54 3009
 0.000000+0                                                       6325 4 54 3010
 0.000000+0 4.923900+6          0          0          4          06325 4 54 3011
 1.157100-1 2.115500-2 1.582900-2 7.774000-3                      6325 4 54 3012
 0.000000+0 5.485900+6          0          0          4          06325 4 54 3013
 1.279400-1 2.295300-2 1.704300-2 8.569300-3                      6325 4 54 3014
 0.000000+0 6.000000+6          0          0          4          06325 4 54 3015
 1.341500-1 2.367600-2 1.742900-2 8.955800-3                      6325 4 54 3016
 0.000000+0 7.000000+6          0          0          4          06325 4 54 3017
 1.402200-1 2.403400-2 1.732600-2 9.289200-3                      6325 4 54 3018
 0.000000+0 7.613400+6          0          0          4          06325 4 54 3019
 1.423500-1 2.400300-2 1.703800-2 9.375100-3                      6325 4 54 3020
 0.000000+0 7.987300+6          0          0          4          06325 4 54 3021
 1.434100-1 2.395600-2 1.682900-2 9.406800-3                      6325 4 54 3022
 0.000000+0 8.750000+6          0          0          4          06325 4 54 3023
 1.453000-1 2.384200-2 1.636200-2 9.441000-3                      6325 4 54 3024
 0.000000+0 9.000000+6          0          0          4          06325 4 54 3025
 1.458600-1 2.380400-2 1.620200-2 9.445300-3                      6325 4 54 3026
 0.000000+0 9.500000+6          0          0          4          06325 4 54 3027
 1.469500-1 2.373300-2 1.587600-2 9.445300-3                      6325 4 54 3028
 0.000000+0 1.050000+7          0          0          4          06325 4 54 3029
 1.490100-1 2.361900-2 1.520600-2 9.414600-3                      6325 4 54 3030
 0.000000+0 1.150000+7          0          0          4          06325 4 54 3031
 1.509700-1 2.354500-2 1.452500-2 9.345900-3                      6325 4 54 3032
 0.000000+0 1.250000+7          0          0          4          06325 4 54 3033
 1.528500-1 2.351300-2 1.384000-2 9.240700-3                      6325 4 54 3034
 0.000000+0 1.350000+7          0          0          4          06325 4 54 3035
 1.546600-1 2.351900-2 1.315600-2 9.100200-3                      6325 4 54 3036
 0.000000+0 1.410000+7          0          0          4          06325 4 54 3037
 1.557200-1 2.354100-2 1.274800-2 8.999300-3                      6325 4 54 3038
 0.000000+0 1.600000+7          0          0          4          06325 4 54 3039
 1.589300-1 2.368900-2 1.147100-2 8.602000-3                      6325 4 54 3040
 0.000000+0 1.650000+7          0          0          4          06325 4 54 3041
 1.597500-1 2.374600-2 1.114000-2 8.478800-3                      6325 4 54 3042
 0.000000+0 1.700000+7          0          0          4          06325 4 54 3043
 1.605500-1 2.381000-2 1.081300-2 8.348200-3                      6325 4 54 3044
 0.000000+0 1.750000+7          0          0          4          06325 4 54 3045
 1.613400-1 2.388100-2 1.048800-2 8.210600-3                      6325 4 54 3046
 0.000000+0 1.800000+7          0          0          4          06325 4 54 3047
 1.621100-1 2.395800-2 1.016700-2 8.066100-3                      6325 4 54 3048
 0.000000+0 1.900000+7          0          0          4          06325 4 54 3049
 1.636300-1 2.412900-2 9.535400-3 7.757800-3                      6325 4 54 3050
 0.000000+0 2.000000+7          0          0          4          06325 4 54 3051
 1.650900-1 2.432200-2 8.919200-3 7.425600-3                      6325 4 54 3052
                                                                  6325 4  0 3053
 63151.0000 149.620000          0          1          0          06325 4 55 3054
 0.000000+0 1.496200+2          0          2          0          06325 4 55 3055
 0.000000+0 0.000000+0          0          0          1         416325 4 55 3056
         41          2                                            6325 4 55 3057
 0.000000+0 2.621400+5          0          0          1          06325 4 55 3058
 0.000000+0                                                       6325 4 55 3059
 0.000000+0 3.000000+5          0          0          1          06325 4 55 3060
 0.000000+0                                                       6325 4 55 3061
 0.000000+0 3.095600+5          0          0          1          06325 4 55 3062
 0.000000+0                                                       6325 4 55 3063
 0.000000+0 3.559600+5          0          0          1          06325 4 55 3064
 0.000000+0                                                       6325 4 55 3065
 0.000000+0 5.000000+5          0          0          1          06325 4 55 3066
 0.000000+0                                                       6325 4 55 3067
 0.000000+0 1.000000+6          0          0          1          06325 4 55 3068
 0.000000+0                                                       6325 4 55 3069
 0.000000+0 1.300000+6          0          0          1          06325 4 55 3070
 0.000000+0                                                       6325 4 55 3071
 0.000000+0 1.350000+6          0          0          1          06325 4 55 3072
 0.000000+0                                                       6325 4 55 3073
 0.000000+0 1.400000+6          0          0          1          06325 4 55 3074
 0.000000+0                                                       6325 4 55 3075
 0.000000+0 1.450000+6          0          0          1          06325 4 55 3076
 0.000000+0                                                       6325 4 55 3077
 0.000000+0 1.500000+6          0          0          1          06325 4 55 3078
 0.000000+0                                                       6325 4 55 3079
 0.000000+0 1.550000+6          0          0          1          06325 4 55 3080
 0.000000+0                                                       6325 4 55 3081
 0.000000+0 1.600000+6          0          0          1          06325 4 55 3082
 0.000000+0                                                       6325 4 55 3083
 0.000000+0 1.700000+6          0          0          1          06325 4 55 3084
 0.000000+0                                                       6325 4 55 3085
 0.000000+0 1.900000+6          0          0          1          06325 4 55 3086
 0.000000+0                                                       6325 4 55 3087
 0.000000+0 2.100000+6          0          0          1          06325 4 55 3088
 0.000000+0                                                       6325 4 55 3089
 0.000000+0 2.350000+6          0          0          1          06325 4 55 3090
 0.000000+0                                                       6325 4 55 3091
 0.000000+0 2.684500+6          0          0          1          06325 4 55 3092
 0.000000+0                                                       6325 4 55 3093
 0.000000+0 3.000000+6          0          0          1          06325 4 55 3094
 0.000000+0                                                       6325 4 55 3095
 0.000000+0 3.500000+6          0          0          1          06325 4 55 3096
 0.000000+0                                                       6325 4 55 3097
 0.000000+0 4.923900+6          0          0          4          06325 4 55 3098
 1.165200-1 2.130400-2 1.594000-2 7.828500-3                      6325 4 55 3099
 0.000000+0 5.485900+6          0          0          4          06325 4 55 3100
 1.283600-1 2.302800-2 1.709800-2 8.597100-3                      6325 4 55 3101
 0.000000+0 6.000000+6          0          0          4          06325 4 55 3102
 1.343600-1 2.371200-2 1.745500-2 8.969600-3                      6325 4 55 3103
 0.000000+0 7.000000+6          0          0          4          06325 4 55 3104
 1.402700-1 2.404100-2 1.733100-2 9.292000-3                      6325 4 55 3105
 0.000000+0 7.613400+6          0          0          4          06325 4 55 3106
 1.423700-1 2.400600-2 1.704000-2 9.376100-3                      6325 4 55 3107
 0.000000+0 7.987300+6          0          0          4          06325 4 55 3108
 1.434200-1 2.395700-2 1.683000-2 9.407300-3                      6325 4 55 3109
 0.000000+0 8.750000+6          0          0          4          06325 4 55 3110
 1.453000-1 2.384200-2 1.636300-2 9.441200-3                      6325 4 55 3111
 0.000000+0 9.000000+6          0          0          4          06325 4 55 3112
 1.458600-1 2.380400-2 1.620200-2 9.445300-3                      6325 4 55 3113
 0.000000+0 9.500000+6          0          0          4          06325 4 55 3114
 1.469500-1 2.373300-2 1.587600-2 9.445300-3                      6325 4 55 3115
 0.000000+0 1.050000+7          0          0          4          06325 4 55 3116
 1.490100-1 2.361900-2 1.520600-2 9.414600-3                      6325 4 55 3117
 0.000000+0 1.150000+7          0          0          4          06325 4 55 3118
 1.509700-1 2.354500-2 1.452500-2 9.345900-3                      6325 4 55 3119
 0.000000+0 1.250000+7          0          0          4          06325 4 55 3120
 1.528500-1 2.351300-2 1.384000-2 9.240700-3                      6325 4 55 3121
 0.000000+0 1.350000+7          0          0          4          06325 4 55 3122
 1.546600-1 2.351900-2 1.315600-2 9.100200-3                      6325 4 55 3123
 0.000000+0 1.410000+7          0          0          4          06325 4 55 3124
 1.557200-1 2.354100-2 1.274800-2 8.999300-3                      6325 4 55 3125
 0.000000+0 1.600000+7          0          0          4          06325 4 55 3126
 1.589300-1 2.368900-2 1.147100-2 8.602000-3                      6325 4 55 3127
 0.000000+0 1.650000+7          0          0          4          06325 4 55 3128
 1.597500-1 2.374600-2 1.114000-2 8.478800-3                      6325 4 55 3129
 0.000000+0 1.700000+7          0          0          4          06325 4 55 3130
 1.605500-1 2.381000-2 1.081300-2 8.348200-3                      6325 4 55 3131
 0.000000+0 1.750000+7          0          0          4          06325 4 55 3132
 1.613400-1 2.388100-2 1.048800-2 8.210600-3                      6325 4 55 3133
 0.000000+0 1.800000+7          0          0          4          06325 4 55 3134
 1.621100-1 2.395800-2 1.016700-2 8.066100-3                      6325 4 55 3135
 0.000000+0 1.900000+7          0          0          4          06325 4 55 3136
 1.636300-1 2.412900-2 9.535400-3 7.757800-3                      6325 4 55 3137
 0.000000+0 2.000000+7          0          0          4          06325 4 55 3138
 1.650900-1 2.432200-2 8.919200-3 7.425600-3                      6325 4 55 3139
                                                                  6325 4  0 3140
 63151.0000 149.620000          0          1          0          06325 4 56 3141
 0.000000+0 1.496200+2          0          2          0          06325 4 56 3142
 0.000000+0 0.000000+0          0          0          1         406325 4 56 3143
         40          2                                            6325 4 56 3144
 0.000000+0 3.090500+5          0          0          1          06325 4 56 3145
 0.000000+0                                                       6325 4 56 3146
 0.000000+0 3.095600+5          0          0          1          06325 4 56 3147
 0.000000+0                                                       6325 4 56 3148
 0.000000+0 3.559600+5          0          0          1          06325 4 56 3149
 0.000000+0                                                       6325 4 56 3150
 0.000000+0 5.000000+5          0          0          1          06325 4 56 3151
 0.000000+0                                                       6325 4 56 3152
 0.000000+0 1.000000+6          0          0          1          06325 4 56 3153
 0.000000+0                                                       6325 4 56 3154
 0.000000+0 1.300000+6          0          0          1          06325 4 56 3155
 0.000000+0                                                       6325 4 56 3156
 0.000000+0 1.350000+6          0          0          1          06325 4 56 3157
 0.000000+0                                                       6325 4 56 3158
 0.000000+0 1.400000+6          0          0          1          06325 4 56 3159
 0.000000+0                                                       6325 4 56 3160
 0.000000+0 1.450000+6          0          0          1          06325 4 56 3161
 0.000000+0                                                       6325 4 56 3162
 0.000000+0 1.500000+6          0          0          1          06325 4 56 3163
 0.000000+0                                                       6325 4 56 3164
 0.000000+0 1.550000+6          0          0          1          06325 4 56 3165
 0.000000+0                                                       6325 4 56 3166
 0.000000+0 1.600000+6          0          0          1          06325 4 56 3167
 0.000000+0                                                       6325 4 56 3168
 0.000000+0 1.700000+6          0          0          1          06325 4 56 3169
 0.000000+0                                                       6325 4 56 3170
 0.000000+0 1.900000+6          0          0          1          06325 4 56 3171
 0.000000+0                                                       6325 4 56 3172
 0.000000+0 2.100000+6          0          0          1          06325 4 56 3173
 0.000000+0                                                       6325 4 56 3174
 0.000000+0 2.350000+6          0          0          1          06325 4 56 3175
 0.000000+0                                                       6325 4 56 3176
 0.000000+0 2.684500+6          0          0          1          06325 4 56 3177
 0.000000+0                                                       6325 4 56 3178
 0.000000+0 3.000000+6          0          0          1          06325 4 56 3179
 0.000000+0                                                       6325 4 56 3180
 0.000000+0 3.500000+6          0          0          1          06325 4 56 3181
 0.000000+0                                                       6325 4 56 3182
 0.000000+0 4.923900+6          0          0          4          06325 4 56 3183
 1.123000-1 2.053100-2 1.536200-2 7.544500-3                      6325 4 56 3184
 0.000000+0 5.485900+6          0          0          4          06325 4 56 3185
 1.261600-1 2.263400-2 1.680500-2 8.450000-3                      6325 4 56 3186
 0.000000+0 6.000000+6          0          0          4          06325 4 56 3187
 1.332200-1 2.351100-2 1.730700-2 8.893600-3                      6325 4 56 3188
 0.000000+0 7.000000+6          0          0          4          06325 4 56 3189
 1.399600-1 2.398800-2 1.729300-2 9.271500-3                      6325 4 56 3190
 0.000000+0 7.613400+6          0          0          4          06325 4 56 3191
 1.422300-1 2.398200-2 1.702300-2 9.366700-3                      6325 4 56 3192
 0.000000+0 7.987300+6          0          0          4          06325 4 56 3193
 1.433300-1 2.394300-2 1.681900-2 9.401500-3                      6325 4 56 3194
 0.000000+0 8.750000+6          0          0          4          06325 4 56 3195
 1.452600-1 2.383600-2 1.635900-2 9.438800-3                      6325 4 56 3196
 0.000000+0 9.000000+6          0          0          4          06325 4 56 3197
 1.458400-1 2.380000-2 1.619900-2 9.443600-3                      6325 4 56 3198
 0.000000+0 9.500000+6          0          0          4          06325 4 56 3199
 1.469400-1 2.373100-2 1.587400-2 9.444400-3                      6325 4 56 3200
 0.000000+0 1.050000+7          0          0          4          06325 4 56 3201
 1.490100-1 2.361800-2 1.520500-2 9.414300-3                      6325 4 56 3202
 0.000000+0 1.150000+7          0          0          4          06325 4 56 3203
 1.509700-1 2.354500-2 1.452500-2 9.345800-3                      6325 4 56 3204
 0.000000+0 1.250000+7          0          0          4          06325 4 56 3205
 1.528500-1 2.351200-2 1.384000-2 9.240700-3                      6325 4 56 3206
 0.000000+0 1.350000+7          0          0          4          06325 4 56 3207
 1.546600-1 2.351900-2 1.315600-2 9.100100-3                      6325 4 56 3208
 0.000000+0 1.410000+7          0          0          4          06325 4 56 3209
 1.557200-1 2.354100-2 1.274800-2 8.999300-3                      6325 4 56 3210
 0.000000+0 1.600000+7          0          0          4          06325 4 56 3211
 1.589300-1 2.368900-2 1.147100-2 8.602000-3                      6325 4 56 3212
 0.000000+0 1.650000+7          0          0          4          06325 4 56 3213
 1.597500-1 2.374600-2 1.114000-2 8.478800-3                      6325 4 56 3214
 0.000000+0 1.700000+7          0          0          4          06325 4 56 3215
 1.605500-1 2.381000-2 1.081300-2 8.348200-3                      6325 4 56 3216
 0.000000+0 1.750000+7          0          0          4          06325 4 56 3217
 1.613400-1 2.388100-2 1.048800-2 8.210600-3                      6325 4 56 3218
 0.000000+0 1.800000+7          0          0          4          06325 4 56 3219
 1.621100-1 2.395800-2 1.016700-2 8.066100-3                      6325 4 56 3220
 0.000000+0 1.900000+7          0          0          4          06325 4 56 3221
 1.636300-1 2.412900-2 9.535400-3 7.757800-3                      6325 4 56 3222
 0.000000+0 2.000000+7          0          0          4          06325 4 56 3223
 1.650900-1 2.432200-2 8.919200-3 7.425600-3                      6325 4 56 3224
                                                                  6325 4  0 3225
 63151.0000 149.620000          0          1          0          06325 4 57 3226
 0.000000+0 1.496200+2          0          2          0          06325 4 57 3227
 0.000000+0 0.000000+0          0          0          1         396325 4 57 3228
         39          2                                            6325 4 57 3229
 0.000000+0 3.095600+5          0          0          1          06325 4 57 3230
 0.000000+0                                                       6325 4 57 3231
 0.000000+0 3.559600+5          0          0          1          06325 4 57 3232
 0.000000+0                                                       6325 4 57 3233
 0.000000+0 5.000000+5          0          0          1          06325 4 57 3234
 0.000000+0                                                       6325 4 57 3235
 0.000000+0 1.000000+6          0          0          1          06325 4 57 3236
 0.000000+0                                                       6325 4 57 3237
 0.000000+0 1.300000+6          0          0          1          06325 4 57 3238
 0.000000+0                                                       6325 4 57 3239
 0.000000+0 1.350000+6          0          0          1          06325 4 57 3240
 0.000000+0                                                       6325 4 57 3241
 0.000000+0 1.400000+6          0          0          1          06325 4 57 3242
 0.000000+0                                                       6325 4 57 3243
 0.000000+0 1.450000+6          0          0          1          06325 4 57 3244
 0.000000+0                                                       6325 4 57 3245
 0.000000+0 1.500000+6          0          0          1          06325 4 57 3246
 0.000000+0                                                       6325 4 57 3247
 0.000000+0 1.550000+6          0          0          1          06325 4 57 3248
 0.000000+0                                                       6325 4 57 3249
 0.000000+0 1.600000+6          0          0          1          06325 4 57 3250
 0.000000+0                                                       6325 4 57 3251
 0.000000+0 1.700000+6          0          0          1          06325 4 57 3252
 0.000000+0                                                       6325 4 57 3253
 0.000000+0 1.900000+6          0          0          1          06325 4 57 3254
 0.000000+0                                                       6325 4 57 3255
 0.000000+0 2.100000+6          0          0          1          06325 4 57 3256
 0.000000+0                                                       6325 4 57 3257
 0.000000+0 2.350000+6          0          0          1          06325 4 57 3258
 0.000000+0                                                       6325 4 57 3259
 0.000000+0 2.684500+6          0          0          1          06325 4 57 3260
 0.000000+0                                                       6325 4 57 3261
 0.000000+0 3.000000+6          0          0          1          06325 4 57 3262
 0.000000+0                                                       6325 4 57 3263
 0.000000+0 3.500000+6          0          0          1          06325 4 57 3264
 0.000000+0                                                       6325 4 57 3265
 0.000000+0 4.923900+6          0          0          4          06325 4 57 3266
 1.140800-1 2.085700-2 1.560600-2 7.664300-3                      6325 4 57 3267
 0.000000+0 5.485900+6          0          0          4          06325 4 57 3268
 1.270400-1 2.279200-2 1.692300-2 8.509100-3                      6325 4 57 3269
 0.000000+0 6.000000+6          0          0          4          06325 4 57 3270
 1.336500-1 2.358800-2 1.736400-2 8.922700-3                      6325 4 57 3271
 0.000000+0 7.000000+6          0          0          4          06325 4 57 3272
 1.400600-1 2.400700-2 1.730600-2 9.278600-3                      6325 4 57 3273
 0.000000+0 7.613400+6          0          0          4          06325 4 57 3274
 1.422700-1 2.399000-2 1.702800-2 9.369700-3                      6325 4 57 3275
 0.000000+0 7.987300+6          0          0          4          06325 4 57 3276
 1.433600-1 2.394700-2 1.682300-2 9.403300-3                      6325 4 57 3277
 0.000000+0 8.750000+6          0          0          4          06325 4 57 3278
 1.452700-1 2.383800-2 1.636000-2 9.439500-3                      6325 4 57 3279
 0.000000+0 9.000000+6          0          0          4          06325 4 57 3280
 1.458500-1 2.380100-2 1.620000-2 9.444100-3                      6325 4 57 3281
 0.000000+0 9.500000+6          0          0          4          06325 4 57 3282
 1.469400-1 2.373200-2 1.587400-2 9.444600-3                      6325 4 57 3283
 0.000000+0 1.050000+7          0          0          4          06325 4 57 3284
 1.490100-1 2.361800-2 1.520600-2 9.414400-3                      6325 4 57 3285
 0.000000+0 1.150000+7          0          0          4          06325 4 57 3286
 1.509700-1 2.354500-2 1.452500-2 9.345800-3                      6325 4 57 3287
 0.000000+0 1.250000+7          0          0          4          06325 4 57 3288
 1.528500-1 2.351200-2 1.384000-2 9.240700-3                      6325 4 57 3289
 0.000000+0 1.350000+7          0          0          4          06325 4 57 3290
 1.546600-1 2.351900-2 1.315600-2 9.100100-3                      6325 4 57 3291
 0.000000+0 1.410000+7          0          0          4          06325 4 57 3292
 1.557200-1 2.354100-2 1.274800-2 8.999300-3                      6325 4 57 3293
 0.000000+0 1.600000+7          0          0          4          06325 4 57 3294
 1.589300-1 2.368900-2 1.147100-2 8.602000-3                      6325 4 57 3295
 0.000000+0 1.650000+7          0          0          4          06325 4 57 3296
 1.597500-1 2.374600-2 1.114000-2 8.478800-3                      6325 4 57 3297
 0.000000+0 1.700000+7          0          0          4          06325 4 57 3298
 1.605500-1 2.381000-2 1.081300-2 8.348200-3                      6325 4 57 3299
 0.000000+0 1.750000+7          0          0          4          06325 4 57 3300
 1.613400-1 2.388100-2 1.048800-2 8.210600-3                      6325 4 57 3301
 0.000000+0 1.800000+7          0          0          4          06325 4 57 3302
 1.621100-1 2.395800-2 1.016700-2 8.066100-3                      6325 4 57 3303
 0.000000+0 1.900000+7          0          0          4          06325 4 57 3304
 1.636300-1 2.412900-2 9.535400-3 7.757800-3                      6325 4 57 3305
 0.000000+0 2.000000+7          0          0          4          06325 4 57 3306
 1.650900-1 2.432200-2 8.919200-3 7.425600-3                      6325 4 57 3307
                                                                  6325 4  0 3308
 63151.0000 149.620000          0          1          0          06325 4 58 3309
 0.000000+0 1.496200+2          0          2          0          06325 4 58 3310
 0.000000+0 0.000000+0          0          0          1         396325 4 58 3311
         39          2                                            6325 4 58 3312
 0.000000+0 3.521400+5          0          0          1          06325 4 58 3313
 0.000000+0                                                       6325 4 58 3314
 0.000000+0 3.559600+5          0          0          1          06325 4 58 3315
 0.000000+0                                                       6325 4 58 3316
 0.000000+0 5.000000+5          0          0          1          06325 4 58 3317
 0.000000+0                                                       6325 4 58 3318
 0.000000+0 1.000000+6          0          0          1          06325 4 58 3319
 0.000000+0                                                       6325 4 58 3320
 0.000000+0 1.300000+6          0          0          1          06325 4 58 3321
 0.000000+0                                                       6325 4 58 3322
 0.000000+0 1.350000+6          0          0          1          06325 4 58 3323
 0.000000+0                                                       6325 4 58 3324
 0.000000+0 1.400000+6          0          0          1          06325 4 58 3325
 0.000000+0                                                       6325 4 58 3326
 0.000000+0 1.450000+6          0          0          1          06325 4 58 3327
 0.000000+0                                                       6325 4 58 3328
 0.000000+0 1.500000+6          0          0          1          06325 4 58 3329
 0.000000+0                                                       6325 4 58 3330
 0.000000+0 1.550000+6          0          0          1          06325 4 58 3331
 0.000000+0                                                       6325 4 58 3332
 0.000000+0 1.600000+6          0          0          1          06325 4 58 3333
 0.000000+0                                                       6325 4 58 3334
 0.000000+0 1.700000+6          0          0          1          06325 4 58 3335
 0.000000+0                                                       6325 4 58 3336
 0.000000+0 1.900000+6          0          0          1          06325 4 58 3337
 0.000000+0                                                       6325 4 58 3338
 0.000000+0 2.100000+6          0          0          1          06325 4 58 3339
 0.000000+0                                                       6325 4 58 3340
 0.000000+0 2.350000+6          0          0          1          06325 4 58 3341
 0.000000+0                                                       6325 4 58 3342
 0.000000+0 2.684500+6          0          0          1          06325 4 58 3343
 0.000000+0                                                       6325 4 58 3344
 0.000000+0 3.000000+6          0          0          1          06325 4 58 3345
 0.000000+0                                                       6325 4 58 3346
 0.000000+0 3.500000+6          0          0          1          06325 4 58 3347
 0.000000+0                                                       6325 4 58 3348
 0.000000+0 4.923900+6          0          0          4          06325 4 58 3349
 1.064800-1 1.946700-2 1.456600-2 7.153600-3                      6325 4 58 3350
 0.000000+0 5.485900+6          0          0          4          06325 4 58 3351
 1.229600-1 2.206000-2 1.637900-2 8.235700-3                      6325 4 58 3352
 0.000000+0 6.000000+6          0          0          4          06325 4 58 3353
 1.315300-1 2.321300-2 1.708800-2 8.780800-3                      6325 4 58 3354
 0.000000+0 7.000000+6          0          0          4          06325 4 58 3355
 1.395000-1 2.391100-2 1.723700-2 9.241500-3                      6325 4 58 3356
 0.000000+0 7.613400+6          0          0          4          06325 4 58 3357
 1.420200-1 2.394800-2 1.699800-2 9.353300-3                      6325 4 58 3358
 0.000000+0 7.987300+6          0          0          4          06325 4 58 3359
 1.432100-1 2.392200-2 1.680500-2 9.393200-3                      6325 4 58 3360
 0.000000+0 8.750000+6          0          0          4          06325 4 58 3361
 1.452100-1 2.382800-2 1.635300-2 9.435700-3                      6325 4 58 3362
 0.000000+0 9.000000+6          0          0          4          06325 4 58 3363
 1.458000-1 2.379400-2 1.619500-2 9.441300-3                      6325 4 58 3364
 0.000000+0 9.500000+6          0          0          4          06325 4 58 3365
 1.469200-1 2.372800-2 1.587200-2 9.443100-3                      6325 4 58 3366
 0.000000+0 1.050000+7          0          0          4          06325 4 58 3367
 1.490000-1 2.361700-2 1.520500-2 9.413900-3                      6325 4 58 3368
 0.000000+0 1.150000+7          0          0          4          06325 4 58 3369
 1.509600-1 2.354400-2 1.452500-2 9.345700-3                      6325 4 58 3370
 0.000000+0 1.250000+7          0          0          4          06325 4 58 3371
 1.528400-1 2.351200-2 1.384000-2 9.240700-3                      6325 4 58 3372
 0.000000+0 1.350000+7          0          0          4          06325 4 58 3373
 1.546600-1 2.351900-2 1.315600-2 9.100100-3                      6325 4 58 3374
 0.000000+0 1.410000+7          0          0          4          06325 4 58 3375
 1.557200-1 2.354100-2 1.274800-2 8.999300-3                      6325 4 58 3376
 0.000000+0 1.600000+7          0          0          4          06325 4 58 3377
 1.589300-1 2.368900-2 1.147100-2 8.602000-3                      6325 4 58 3378
 0.000000+0 1.650000+7          0          0          4          06325 4 58 3379
 1.597500-1 2.374600-2 1.114000-2 8.478800-3                      6325 4 58 3380
 0.000000+0 1.700000+7          0          0          4          06325 4 58 3381
 1.605500-1 2.381000-2 1.081300-2 8.348200-3                      6325 4 58 3382
 0.000000+0 1.750000+7          0          0          4          06325 4 58 3383
 1.613400-1 2.388100-2 1.048800-2 8.210600-3                      6325 4 58 3384
 0.000000+0 1.800000+7          0          0          4          06325 4 58 3385
 1.621100-1 2.395800-2 1.016700-2 8.066100-3                      6325 4 58 3386
 0.000000+0 1.900000+7          0          0          4          06325 4 58 3387
 1.636300-1 2.412900-2 9.535400-3 7.757800-3                      6325 4 58 3388
 0.000000+0 2.000000+7          0          0          4          06325 4 58 3389
 1.650900-1 2.432200-2 8.919200-3 7.425600-3                      6325 4 58 3390
                                                                  6325 4  0 3391
 63151.0000 149.620000          0          1          0          06325 4 59 3392
 0.000000+0 1.496200+2          0          2          0          06325 4 59 3393
 0.000000+0 0.000000+0          0          0          1         386325 4 59 3394
         38          2                                            6325 4 59 3395
 0.000000+0 3.559600+5          0          0          1          06325 4 59 3396
 0.000000+0                                                       6325 4 59 3397
 0.000000+0 5.000000+5          0          0          1          06325 4 59 3398
 0.000000+0                                                       6325 4 59 3399
 0.000000+0 1.000000+6          0          0          1          06325 4 59 3400
 0.000000+0                                                       6325 4 59 3401
 0.000000+0 1.300000+6          0          0          1          06325 4 59 3402
 0.000000+0                                                       6325 4 59 3403
 0.000000+0 1.350000+6          0          0          1          06325 4 59 3404
 0.000000+0                                                       6325 4 59 3405
 0.000000+0 1.400000+6          0          0          1          06325 4 59 3406
 0.000000+0                                                       6325 4 59 3407
 0.000000+0 1.450000+6          0          0          1          06325 4 59 3408
 0.000000+0                                                       6325 4 59 3409
 0.000000+0 1.500000+6          0          0          1          06325 4 59 3410
 0.000000+0                                                       6325 4 59 3411
 0.000000+0 1.550000+6          0          0          1          06325 4 59 3412
 0.000000+0                                                       6325 4 59 3413
 0.000000+0 1.600000+6          0          0          1          06325 4 59 3414
 0.000000+0                                                       6325 4 59 3415
 0.000000+0 1.700000+6          0          0          1          06325 4 59 3416
 0.000000+0                                                       6325 4 59 3417
 0.000000+0 1.900000+6          0          0          1          06325 4 59 3418
 0.000000+0                                                       6325 4 59 3419
 0.000000+0 2.100000+6          0          0          1          06325 4 59 3420
 0.000000+0                                                       6325 4 59 3421
 0.000000+0 2.350000+6          0          0          1          06325 4 59 3422
 0.000000+0                                                       6325 4 59 3423
 0.000000+0 2.684500+6          0          0          1          06325 4 59 3424
 0.000000+0                                                       6325 4 59 3425
 0.000000+0 3.000000+6          0          0          1          06325 4 59 3426
 0.000000+0                                                       6325 4 59 3427
 0.000000+0 3.500000+6          0          0          1          06325 4 59 3428
 0.000000+0                                                       6325 4 59 3429
 0.000000+0 4.923900+6          0          0          4          06325 4 59 3430
 1.088200-1 1.989500-2 1.488600-2 7.310800-3                      6325 4 59 3431
 0.000000+0 5.485900+6          0          0          4          06325 4 59 3432
 1.241400-1 2.227100-2 1.653600-2 8.314700-3                      6325 4 59 3433
 0.000000+0 6.000000+6          0          0          4          06325 4 59 3434
 1.321000-1 2.331400-2 1.716200-2 8.819000-3                      6325 4 59 3435
 0.000000+0 7.000000+6          0          0          4          06325 4 59 3436
 1.396300-1 2.393300-2 1.725300-2 9.250100-3                      6325 4 59 3437
 0.000000+0 7.613400+6          0          0          4          06325 4 59 3438
 1.420800-1 2.395600-2 1.700500-2 9.356800-3                      6325 4 59 3439
 0.000000+0 7.987300+6          0          0          4          06325 4 59 3440
 1.432400-1 2.392700-2 1.680800-2 9.395200-3                      6325 4 59 3441
 0.000000+0 8.750000+6          0          0          4          06325 4 59 3442
 1.452200-1 2.383000-2 1.635400-2 9.436300-3                      6325 4 59 3443
 0.000000+0 9.000000+6          0          0          4          06325 4 59 3444
 1.458100-1 2.379500-2 1.619600-2 9.441800-3                      6325 4 59 3445
 0.000000+0 9.500000+6          0          0          4          06325 4 59 3446
 1.469200-1 2.372800-2 1.587200-2 9.443300-3                      6325 4 59 3447
 0.000000+0 1.050000+7          0          0          4          06325 4 59 3448
 1.490000-1 2.361700-2 1.520500-2 9.414000-3                      6325 4 59 3449
 0.000000+0 1.150000+7          0          0          4          06325 4 59 3450
 1.509600-1 2.354400-2 1.452500-2 9.345700-3                      6325 4 59 3451
 0.000000+0 1.250000+7          0          0          4          06325 4 59 3452
 1.528400-1 2.351200-2 1.384000-2 9.240700-3                      6325 4 59 3453
 0.000000+0 1.350000+7          0          0          4          06325 4 59 3454
 1.546600-1 2.351900-2 1.315600-2 9.100100-3                      6325 4 59 3455
 0.000000+0 1.410000+7          0          0          4          06325 4 59 3456
 1.557200-1 2.354100-2 1.274800-2 8.999300-3                      6325 4 59 3457
 0.000000+0 1.600000+7          0          0          4          06325 4 59 3458
 1.589300-1 2.368900-2 1.147100-2 8.602000-3                      6325 4 59 3459
 0.000000+0 1.650000+7          0          0          4          06325 4 59 3460
 1.597500-1 2.374600-2 1.114000-2 8.478800-3                      6325 4 59 3461
 0.000000+0 1.700000+7          0          0          4          06325 4 59 3462
 1.605500-1 2.381000-2 1.081300-2 8.348200-3                      6325 4 59 3463
 0.000000+0 1.750000+7          0          0          4          06325 4 59 3464
 1.613400-1 2.388100-2 1.048800-2 8.210600-3                      6325 4 59 3465
 0.000000+0 1.800000+7          0          0          4          06325 4 59 3466
 1.621100-1 2.395800-2 1.016700-2 8.066100-3                      6325 4 59 3467
 0.000000+0 1.900000+7          0          0          4          06325 4 59 3468
 1.636300-1 2.412900-2 9.535400-3 7.757800-3                      6325 4 59 3469
 0.000000+0 2.000000+7          0          0          4          06325 4 59 3470
 1.650900-1 2.432200-2 8.919200-3 7.425600-3                      6325 4 59 3471
                                                                  6325 4  0 3472
 63151.0000 149.620000          0          1          0          06325 4 60 3473
 0.000000+0 1.496200+2          0          2          0          06325 4 60 3474
 0.000000+0 0.000000+0          0          0          1         386325 4 60 3475
         38          2                                            6325 4 60 3476
 0.000000+0 4.187800+5          0          0          1          06325 4 60 3477
 0.000000+0                                                       6325 4 60 3478
 0.000000+0 5.000000+5          0          0          1          06325 4 60 3479
 0.000000+0                                                       6325 4 60 3480
 0.000000+0 1.000000+6          0          0          1          06325 4 60 3481
 0.000000+0                                                       6325 4 60 3482
 0.000000+0 1.300000+6          0          0          1          06325 4 60 3483
 0.000000+0                                                       6325 4 60 3484
 0.000000+0 1.350000+6          0          0          1          06325 4 60 3485
 0.000000+0                                                       6325 4 60 3486
 0.000000+0 1.400000+6          0          0          1          06325 4 60 3487
 0.000000+0                                                       6325 4 60 3488
 0.000000+0 1.450000+6          0          0          1          06325 4 60 3489
 0.000000+0                                                       6325 4 60 3490
 0.000000+0 1.500000+6          0          0          1          06325 4 60 3491
 0.000000+0                                                       6325 4 60 3492
 0.000000+0 1.550000+6          0          0          1          06325 4 60 3493
 0.000000+0                                                       6325 4 60 3494
 0.000000+0 1.600000+6          0          0          1          06325 4 60 3495
 0.000000+0                                                       6325 4 60 3496
 0.000000+0 1.700000+6          0          0          1          06325 4 60 3497
 0.000000+0                                                       6325 4 60 3498
 0.000000+0 1.900000+6          0          0          1          06325 4 60 3499
 0.000000+0                                                       6325 4 60 3500
 0.000000+0 2.100000+6          0          0          1          06325 4 60 3501
 0.000000+0                                                       6325 4 60 3502
 0.000000+0 2.350000+6          0          0          1          06325 4 60 3503
 0.000000+0                                                       6325 4 60 3504
 0.000000+0 2.684500+6          0          0          1          06325 4 60 3505
 0.000000+0                                                       6325 4 60 3506
 0.000000+0 3.000000+6          0          0          1          06325 4 60 3507
 0.000000+0                                                       6325 4 60 3508
 0.000000+0 3.500000+6          0          0          1          06325 4 60 3509
 0.000000+0                                                       6325 4 60 3510
 0.000000+0 4.923900+6          0          0          4          06325 4 60 3511
 1.022200-1 1.868800-2 1.398300-2 6.867500-3                      6325 4 60 3512
 0.000000+0 5.485900+6          0          0          4          06325 4 60 3513
 1.203800-1 2.159600-2 1.603500-2 8.062500-3                      6325 4 60 3514
 0.000000+0 6.000000+6          0          0          4          06325 4 60 3515
 1.300400-1 2.295100-2 1.689500-2 8.681500-3                      6325 4 60 3516
 0.000000+0 7.000000+6          0          0          4          06325 4 60 3517
 1.390300-1 2.382900-2 1.717800-2 9.209900-3                      6325 4 60 3518
 0.000000+0 7.613400+6          0          0          4          06325 4 60 3519
 1.417900-1 2.390800-2 1.697000-2 9.337700-3                      6325 4 60 3520
 0.000000+0 7.987300+6          0          0          4          06325 4 60 3521
 1.430500-1 2.389600-2 1.678600-2 9.383000-3                      6325 4 60 3522
 0.000000+0 8.750000+6          0          0          4          06325 4 60 3523
 1.451500-1 2.381700-2 1.634600-2 9.431400-3                      6325 4 60 3524
 0.000000+0 9.000000+6          0          0          4          06325 4 60 3525
 1.457500-1 2.378600-2 1.619000-2 9.438000-3                      6325 4 60 3526
 0.000000+0 9.500000+6          0          0          4          06325 4 60 3527
 1.468900-1 2.372300-2 1.586900-2 9.441200-3                      6325 4 60 3528
 0.000000+0 1.050000+7          0          0          4          06325 4 60 3529
 1.489900-1 2.361500-2 1.520400-2 9.413300-3                      6325 4 60 3530
 0.000000+0 1.150000+7          0          0          4          06325 4 60 3531
 1.509600-1 2.354400-2 1.452400-2 9.345400-3                      6325 4 60 3532
 0.000000+0 1.250000+7          0          0          4          06325 4 60 3533
 1.528400-1 2.351200-2 1.384000-2 9.240600-3                      6325 4 60 3534
 0.000000+0 1.350000+7          0          0          4          06325 4 60 3535
 1.546600-1 2.351900-2 1.315600-2 9.100100-3                      6325 4 60 3536
 0.000000+0 1.410000+7          0          0          4          06325 4 60 3537
 1.557200-1 2.354100-2 1.274800-2 8.999200-3                      6325 4 60 3538
 0.000000+0 1.600000+7          0          0          4          06325 4 60 3539
 1.589300-1 2.368900-2 1.147100-2 8.602000-3                      6325 4 60 3540
 0.000000+0 1.650000+7          0          0          4          06325 4 60 3541
 1.597500-1 2.374600-2 1.114000-2 8.478800-3                      6325 4 60 3542
 0.000000+0 1.700000+7          0          0          4          06325 4 60 3543
 1.605500-1 2.381000-2 1.081300-2 8.348200-3                      6325 4 60 3544
 0.000000+0 1.750000+7          0          0          4          06325 4 60 3545
 1.613400-1 2.388100-2 1.048800-2 8.210600-3                      6325 4 60 3546
 0.000000+0 1.800000+7          0          0          4          06325 4 60 3547
 1.621100-1 2.395800-2 1.016700-2 8.066100-3                      6325 4 60 3548
 0.000000+0 1.900000+7          0          0          4          06325 4 60 3549
 1.636300-1 2.412900-2 9.535400-3 7.757800-3                      6325 4 60 3550
 0.000000+0 2.000000+7          0          0          4          06325 4 60 3551
 1.650900-1 2.432200-2 8.919200-3 7.425600-3                      6325 4 60 3552
                                                                  6325 4  0 3553
 63151.0000 149.620000          0          1          0          06325 4 91 3554
 0.000000+0 1.496200+2          0          1          0          06325 4 91 3555
 0.000000+0 0.000000+0          0          0          1         386325 4 91 3556
         38          2                                            6325 4 91 3557
 0.000000+0 4.187800+5          0          0          1          06325 4 91 3558
 0.000000+0                                                       6325 4 91 3559
 0.000000+0 5.000000+5          0          0          4          06325 4 91 3560
 0.000000+0 0.000000+0 0.000000+0 0.000000+0                      6325 4 91 3561
 0.000000+0 1.000000+6          0          0          4          06325 4 91 3562
 0.000000+0 0.000000+0 0.000000+0 0.000000+0                      6325 4 91 3563
 0.000000+0 1.300000+6          0          0          4          06325 4 91 3564
 0.000000+0 0.000000+0 0.000000+0 0.000000+0                      6325 4 91 3565
 0.000000+0 1.350000+6          0          0          4          06325 4 91 3566
 0.000000+0 0.000000+0 0.000000+0 0.000000+0                      6325 4 91 3567
 0.000000+0 1.400000+6          0          0          4          06325 4 91 3568
 0.000000+0 0.000000+0 0.000000+0 0.000000+0                      6325 4 91 3569
 0.000000+0 1.450000+6          0          0          4          06325 4 91 3570
 0.000000+0 0.000000+0 0.000000+0 0.000000+0                      6325 4 91 3571
 0.000000+0 1.500000+6          0          0          4          06325 4 91 3572
 0.000000+0 0.000000+0 0.000000+0 0.000000+0                      6325 4 91 3573
 0.000000+0 1.550000+6          0          0          4          06325 4 91 3574
 0.000000+0 0.000000+0 0.000000+0 0.000000+0                      6325 4 91 3575
 0.000000+0 1.600000+6          0          0          4          06325 4 91 3576
 0.000000+0 0.000000+0 0.000000+0 0.000000+0                      6325 4 91 3577
 0.000000+0 1.700000+6          0          0          4          06325 4 91 3578
 0.000000+0 0.000000+0 0.000000+0 0.000000+0                      6325 4 91 3579
 0.000000+0 1.900000+6          0          0          4          06325 4 91 3580
 0.000000+0 0.000000+0 0.000000+0 0.000000+0                      6325 4 91 3581
 0.000000+0 2.100000+6          0          0          4          06325 4 91 3582
 0.000000+0 0.000000+0 0.000000+0 0.000000+0                      6325 4 91 3583
 0.000000+0 2.350000+6          0          0          4          06325 4 91 3584
 0.000000+0 0.000000+0 0.000000+0 0.000000+0                      6325 4 91 3585
 0.000000+0 2.684500+6          0          0          4          06325 4 91 3586
 0.000000+0 0.000000+0 0.000000+0 0.000000+0                      6325 4 91 3587
 0.000000+0 3.000000+6          0          0          4          06325 4 91 3588
 0.000000+0 0.000000+0 0.000000+0 0.000000+0                      6325 4 91 3589
 0.000000+0 3.500000+6          0          0          4          06325 4 91 3590
 0.000000+0 0.000000+0 0.000000+0 0.000000+0                      6325 4 91 3591
 0.000000+0 4.923900+6          0          0          4          06325 4 91 3592
 8.190900-3 1.497500-3 1.120500-3 5.502900-4                      6325 4 91 3593
 0.000000+0 5.485900+6          0          0          4          06325 4 91 3594
 9.404900-3 1.687200-3 1.252800-3 6.299100-4                      6325 4 91 3595
 0.000000+0 6.000000+6          0          0          4          06325 4 91 3596
 1.046400-2 1.846800-3 1.359500-3 6.986000-4                      6325 4 91 3597
 0.000000+0 7.000000+6          0          0          4          06325 4 91 3598
 9.463900-3 1.622100-3 1.169300-3 6.269300-4                      6325 4 91 3599
 0.000000+0 7.613400+6          0          0          4          06325 4 91 3600
 1.065900-2 1.797300-3 1.275700-3 7.019600-4                      6325 4 91 3601
 0.000000+0 7.987300+6          0          0          4          06325 4 91 3602
 1.141600-2 1.906900-3 1.339600-3 7.488000-4                      6325 4 91 3603
 0.000000+0 8.750000+6          0          0          4          06325 4 91 3604
 1.346400-2 2.209400-3 1.516300-3 8.748800-4                      6325 4 91 3605
 0.000000+0 9.000000+6          0          0          4          06325 4 91 3606
 1.457500-2 2.378600-3 1.619000-3 9.438100-4                      6325 4 91 3607
 0.000000+0 9.500000+6          0          0          4          06325 4 91 3608
 1.750300-2 2.826800-3 1.890900-3 1.125000-3                      6325 4 91 3609
 0.000000+0 1.050000+7          0          0          4          06325 4 91 3610
 2.602600-2 4.125200-3 2.655800-3 1.644300-3                      6325 4 91 3611
 0.000000+0 1.150000+7          0          0          4          06325 4 91 3612
 3.689200-2 5.753600-3 3.549500-3 2.283800-3                      6325 4 91 3613
 0.000000+0 1.250000+7          0          0          4          06325 4 91 3614
 4.931200-2 7.585700-3 4.465300-3 2.981300-3                      6325 4 91 3615
 0.000000+0 1.350000+7          0          0          4          06325 4 91 3616
 6.250700-2 9.505500-3 5.317300-3 3.677900-3                      6325 4 91 3617
 0.000000+0 1.410000+7          0          0          4          06325 4 91 3618
 7.035400-2 1.063600-2 5.759500-3 4.065900-3                      6325 4 91 3619
 0.000000+0 1.600000+7          0          0          4          06325 4 91 3620
 9.463000-2 1.410400-2 6.829600-3 5.121700-3                      6325 4 91 3621
 0.000000+0 1.650000+7          0          0          4          06325 4 91 3622
 9.917600-2 1.474200-2 6.916100-3 5.263900-3                      6325 4 91 3623
 0.000000+0 1.700000+7          0          0          4          06325 4 91 3624
 1.032900-1 1.531800-2 6.956300-3 5.370900-3                      6325 4 91 3625
 0.000000+0 1.750000+7          0          0          4          06325 4 91 3626
 1.069900-1 1.583600-2 6.955100-3 5.444800-3                      6325 4 91 3627
 0.000000+0 1.800000+7          0          0          4          06325 4 91 3628
 1.103000-1 1.630000-2 6.917400-3 5.488000-3                      6325 4 91 3629
 0.000000+0 1.900000+7          0          0          4          06325 4 91 3630
 1.158800-1 1.708900-2 6.753000-3 5.494100-3                      6325 4 91 3631
 0.000000+0 2.000000+7          0          0          4          06325 4 91 3632
 1.203400-1 1.772900-2 6.501600-3 5.412800-3                      6325 4 91 3633
                                                                  6325 4  0 3634
                                                                  6325 0  0 3635
 63151.0000 149.620000          0          0          1          06325 5 16 3636
 0.000000+0 0.000000+0          0          1          1          26325 5 16 3637
          2          2                                            6325 5 16 3638
 7.987300+6 1.000000+0 2.000000+7 1.000000+0                      6325 5 16 3639
 0.000000+0 0.000000+0          0          0          1         176325 5 16 3640
         17          2                                            6325 5 16 3641
 0.000000+0 7.987300+6          0          0          1          36325 5 16 3642
          3          2                                            6325 5 16 3643
 0.000000+0 0.000000+0 1.000000+0 1.000000+0 2.000000+0 0.000000+06325 5 16 3644
 0.000000+0 8.000000+6          0          0          1          36325 5 16 3645
          3          2                                            6325 5 16 3646
 0.000000+0 0.000000+0 1.000000+0 1.000000+0 2.000000+0 0.000000+06325 5 16 3647
 0.000000+0 8.750000+6          0          0          1         226325 5 16 3648
         22          2                                            6325 5 16 3649
 0.000000+0 0.000000+0 3.586000+4 1.559100-6 7.172000+4 2.020000-66325 5 16 3650
 1.075800+5 2.329600-6 1.434400+5 2.449000-6 1.793000+5 2.474900-66325 5 16 3651
 2.151600+5 2.411600-6 2.510200+5 2.306600-6 2.868800+5 2.148400-66325 5 16 3652
 3.227400+5 1.983400-6 3.586000+5 1.775700-6 3.944600+5 1.558300-66325 5 16 3653
 4.303200+5 1.338100-6 4.661800+5 1.112200-6 5.020400+5 8.972500-76325 5 16 3654
 5.379000+5 6.886100-7 5.737600+5 2.858800-7 6.096200+5 2.292700-76325 5 16 3655
 6.454800+5 1.652400-7 6.813400+5 1.018900-7 7.172000+5 5.117100-86325 5 16 3656
 7.530600+5 0.000000+0                                            6325 5 16 3657
 0.000000+0 9.000000+6          0          0          1         226325 5 16 3658
         22          2                                            6325 5 16 3659
 0.000000+0 0.000000+0 4.760800+4 1.266300-6 9.521700+4 1.633900-66325 5 16 3660
 1.428200+5 1.838400-6 1.904300+5 1.851800-6 2.380400+5 1.849300-66325 5 16 3661
 2.856500+5 1.777700-6 3.332600+5 1.694100-6 3.808700+5 1.574200-66325 5 16 3662
 4.284700+5 1.433300-6 4.760800+5 1.284900-6 5.236900+5 1.130500-66325 5 16 3663
 5.713000+5 9.740900-7 6.189100+5 8.128400-7 6.665200+5 6.503200-76325 5 16 3664
 7.141200+5 4.990600-7 7.617300+5 3.566600-7 8.093400+5 2.201700-76325 5 16 3665
 8.569500+5 8.138500-8 9.045600+5 5.198100-8 9.521700+5 2.388500-86325 5 16 3666
 9.997700+5 0.000000+0                                            6325 5 16 3667
 0.000000+0 9.500000+6          0          0          1         226325 5 16 3668
         22          2                                            6325 5 16 3669
 0.000000+0 0.000000+0 7.110500+4 9.800400-7 1.422100+5 1.214000-66325 5 16 3670
 2.133100+5 1.327800-6 2.844200+5 1.289400-6 3.555200+5 1.247800-66325 5 16 3671
 4.266300+5 1.174900-6 4.977300+5 1.088000-6 5.688400+5 1.000500-66325 5 16 3672
 6.399400+5 9.094700-7 7.110500+5 8.157400-7 7.821500+5 7.172500-76325 5 16 3673
 8.532600+5 6.113400-7 9.243600+5 5.045500-7 9.954700+5 4.067400-76325 5 16 3674
 1.066600+6 3.116900-7 1.137700+6 2.236200-7 1.208800+6 1.432500-76325 5 16 3675
 1.279900+6 7.579000-8 1.351000+6 1.552900-8 1.422100+6 6.483700-96325 5 16 3676
 1.493200+6 0.000000+0                                            6325 5 16 3677
 0.000000+0 1.050000+7          0          0          1         226325 5 16 3678
         22          2                                            6325 5 16 3679
 0.000000+0 0.000000+0 1.181000+5 7.719500-7 2.362000+5 8.976100-76325 5 16 3680
 3.542900+5 9.074500-7 4.723900+5 8.480400-7 5.904900+5 7.781100-76325 5 16 3681
 7.085900+5 7.062300-7 8.266800+5 6.313500-7 9.447800+5 5.564800-76325 5 16 3682
 1.062900+6 4.873200-7 1.181000+6 4.203700-7 1.299100+6 3.534200-76325 5 16 3683
 1.417200+6 2.974300-7 1.535300+6 2.440600-7 1.653400+6 1.909800-76325 5 16 3684
 1.771500+6 1.481900-7 1.889600+6 1.055600-7 2.007700+6 6.960600-86325 5 16 3685
 2.125800+6 3.756800-8 2.243900+6 1.465600-8 2.362000+6 1.176700-96325 5 16 3686
 2.480100+6 0.000000+0                                            6325 5 16 3687
 0.000000+0 1.150000+7          0          0          1         226325 5 16 3688
         22          2                                            6325 5 16 3689
 0.000000+0 0.000000+0 1.650900+5 6.811800-7 3.301800+5 7.608200-76325 5 16 3690
 4.952700+5 7.288800-7 6.603600+5 6.569300-7 8.254500+5 5.752100-76325 5 16 3691
 9.905500+5 4.981600-7 1.155600+6 4.298000-7 1.320700+6 3.614400-76325 5 16 3692
 1.485800+6 3.026800-7 1.650900+6 2.530000-7 1.816000+6 2.033200-76325 5 16 3693
 1.981100+6 1.642700-7 2.146200+6 1.337700-7 2.311300+6 1.032700-76325 5 16 3694
 2.476400+6 7.894600-8 2.641500+6 5.706300-8 2.806500+6 3.706200-86325 5 16 3695
 2.971600+6 2.202400-8 3.136700+6 9.175500-9 3.301800+6 2.74860-106325 5 16 3696
 3.466900+6 0.000000+0                                            6325 5 16 3697
 0.000000+0 1.250000+7          0          0          1         226325 5 16 3698
         22          2                                            6325 5 16 3699
 0.000000+0 0.000000+0 2.120800+5 6.210600-7 4.241700+5 6.739900-76325 5 16 3700
 6.362500+5 6.210200-7 8.483400+5 5.430000-7 1.060400+6 4.574400-76325 5 16 3701
 1.272500+6 3.783800-7 1.484600+6 3.160600-7 1.696700+6 2.537400-76325 5 16 3702
 1.908800+6 2.018000-7 2.120800+6 1.645100-7 2.332900+6 1.272200-76325 5 16 3703
 2.545000+6 9.763900-8 2.757100+6 7.881600-8 2.969200+6 5.999400-86325 5 16 3704
 3.181300+6 4.509900-8 3.393300+6 3.342400-8 3.605400+6 2.198700-86325 5 16 3705
 3.817500+6 1.353900-8 4.029600+6 5.749400-9 4.241700+6 6.51310-106325 5 16 3706
 4.453800+6 0.000000+0                                            6325 5 16 3707
 0.000000+0 1.350000+7          0          0          1         226325 5 16 3708
         22          2                                            6325 5 16 3709
 0.000000+0 0.000000+0 2.590800+5 5.758800-7 5.181500+5 6.098000-76325 5 16 3710
 7.772300+5 5.426800-7 1.036300+6 4.615800-7 1.295400+6 3.758000-76325 5 16 3711
 1.554500+6 2.974000-7 1.813500+6 2.426200-7 2.072600+6 1.878300-76325 5 16 3712
 2.331700+6 1.424200-7 2.590800+6 1.143100-7 2.849800+6 8.619700-86325 5 16 3713
 3.108900+6 6.299200-8 3.368000+6 4.974400-8 3.627100+6 3.649600-86325 5 16 3714
 3.886200+6 2.635000-8 4.145200+6 2.011000-8 4.404300+6 1.387000-86325 5 16 3715
 4.663400+6 8.921500-9 4.922500+6 4.143400-9 5.181500+6 7.02230-106325 5 16 3716
 5.440600+6 0.000000+0                                            6325 5 16 3717
 0.000000+0 1.410000+7          0          0          1         226325 5 16 3718
         22          2                                            6325 5 16 3719
 0.000000+0 0.000000+0 2.872700+5 5.534200-7 5.745500+5 5.780200-76325 5 16 3720
 8.618200+5 5.041700-7 1.149100+6 4.221500-7 1.436400+6 3.373000-76325 5 16 3721
 1.723600+6 2.600600-7 2.010900+6 2.097800-7 2.298200+6 1.595000-76325 5 16 3722
 2.585500+6 1.177300-7 2.872700+6 9.376600-8 3.160000+6 6.980600-86325 5 16 3723
 3.447300+6 4.971700-8 3.734500+6 3.903100-8 4.021800+6 2.834600-86325 5 16 3724
 4.309100+6 2.007500-8 4.596400+6 1.550900-8 4.883600+6 1.094300-86325 5 16 3725
 5.170900+6 7.253000-9 5.458200+6 3.677100-9 5.745500+6 7.65660-106325 5 16 3726
 6.032700+6 0.000000+0                                            6325 5 16 3727
 0.000000+0 1.600000+7          0          0          1         226325 5 16 3728
         22          2                                            6325 5 16 3729
 0.000000+0 0.000000+0 3.765600+5 5.010900-7 7.531200+5 5.054000-76325 5 16 3730
 1.129700+6 4.199100-7 1.506200+6 3.340500-7 1.882800+6 2.482500-76325 5 16 3731
 2.259400+6 1.712100-7 2.635900+6 1.337100-7 3.012500+6 9.621000-86325 5 16 3732
 3.389000+6 6.482900-8 3.765600+6 5.071200-8 4.142200+6 3.659400-86325 5 16 3733
 4.518700+6 2.439700-8 4.895300+6 1.953300-8 5.271800+6 1.466900-86325 5 16 3734
 5.648400+6 1.064500-8 6.025000+6 8.689300-9 6.401500+6 6.733600-96325 5 16 3735
 6.778100+6 4.912100-9 7.154600+6 3.133900-9 7.531200+6 9.44700-106325 5 16 3736
 7.907800+6 0.000000+0                                            6325 5 16 3737
 0.000000+0 1.650000+7          0          0          1         226325 5 16 3738
         22          2                                            6325 5 16 3739
 0.000000+0 0.000000+0 4.000600+5 4.901600-7 8.001100+5 4.904100-76325 5 16 3740
 1.200200+6 3.997900-7 1.600200+6 3.138500-7 2.000300+6 2.300900-76325 5 16 3741
 2.400300+6 1.548300-7 2.800400+6 1.200600-7 3.200400+6 8.528600-86325 5 16 3742
 3.600500+6 5.614600-8 4.000600+6 4.390900-8 4.400600+6 3.167200-86325 5 16 3743
 4.800700+6 2.100200-8 5.200700+6 1.694600-8 5.600800+6 1.289000-86325 5 16 3744
 6.000800+6 9.497000-9 6.400900+6 7.907000-9 6.801000+6 6.317100-96325 5 16 3745
 7.201000+6 4.729500-9 7.601100+6 3.144700-9 8.001100+6 1.011400-96325 5 16 3746
 8.401200+6 0.000000+0                                            6325 5 16 3747
 0.000000+0 1.700000+7          0          0          1         226325 5 16 3748
         22          2                                            6325 5 16 3749
 0.000000+0 0.000000+0 4.235500+5 4.787100-7 8.471100+5 4.751600-76325 5 16 3750
 1.270700+6 3.825600-7 1.694200+6 2.971200-7 2.117800+6 2.149800-76325 5 16 3751
 2.541300+6 1.410500-7 2.964900+6 1.082300-7 3.388400+6 7.540800-86325 5 16 3752
 3.812000+6 4.795800-8 4.235500+6 3.754600-8 4.659100+6 2.713300-86325 5 16 3753
 5.082600+6 1.798500-8 5.506200+6 1.471000-8 5.929700+6 1.143500-86325 5 16 3754
 6.353300+6 8.656100-9 6.776800+6 7.357700-9 7.200400+6 6.059300-96325 5 16 3755
 7.623900+6 4.648500-9 8.047500+6 3.196100-9 8.471100+6 1.087100-96325 5 16 3756
 8.894600+6 0.000000+0                                            6325 5 16 3757
 0.000000+0 1.750000+7          0          0          1         226325 5 16 3758
         22          2                                            6325 5 16 3759
 0.000000+0 0.000000+0 4.470500+5 4.678700-7 8.941000+5 4.600700-76325 5 16 3760
 1.341100+6 3.645700-7 1.788200+6 2.800500-7 2.235200+6 2.005300-76325 5 16 3761
 2.682300+6 1.289100-7 3.129300+6 9.867900-8 3.576400+6 6.844400-86325 5 16 3762
 4.023400+6 4.295400-8 4.470500+6 3.333400-8 4.917500+6 2.371400-86325 5 16 3763
 5.364600+6 1.525800-8 5.811600+6 1.270800-8 6.258700+6 1.015800-86325 5 16 3764
 6.705700+6 7.956500-9 7.152800+6 6.894500-9 7.599800+6 5.832600-96325 5 16 3765
 8.046900+6 4.571700-9 8.493900+6 3.228600-9 8.941000+6 1.152700-96325 5 16 3766
 9.388000+6 0.000000+0                                            6325 5 16 3767
 0.000000+0 1.800000+7          0          0          1         226325 5 16 3768
         22          2                                            6325 5 16 3769
 0.000000+0 0.000000+0 4.705500+5 4.584900-7 9.410900+5 4.471200-76325 5 16 3770
 1.411600+6 3.487400-7 1.882200+6 2.649000-7 2.352700+6 1.877100-76325 5 16 3771
 2.823300+6 1.180600-7 3.293800+6 8.960900-8 3.764400+6 6.116100-86325 5 16 3772
 4.234900+6 3.719700-8 4.705500+6 2.895100-8 5.176000+6 2.070500-86325 5 16 3773
 5.646500+6 1.340300-8 6.117100+6 1.132100-8 6.587600+6 9.239200-96325 5 16 3774
 7.058200+6 7.420900-9 7.528700+6 6.536600-9 7.999300+6 5.652300-96325 5 16 3775
 8.469800+6 4.511600-9 8.940400+6 3.255300-9 9.410900+6 1.212400-96325 5 16 3776
 9.881500+6 0.000000+0                                            6325 5 16 3777
 0.000000+0 1.900000+7          0          0          1         226325 5 16 3778
         22          2                                            6325 5 16 3779
 0.000000+0 0.000000+0 5.175400+5 4.440300-7 1.035100+6 4.251200-76325 5 16 3780
 1.552600+6 3.176600-7 2.070200+6 2.349700-7 2.587700+6 1.637200-76325 5 16 3781
 3.105200+6 9.920000-8 3.622800+6 7.434500-8 4.140300+6 4.949000-86325 5 16 3782
 4.657800+6 2.854700-8 5.175400+6 2.253900-8 5.692900+6 1.653200-86325 5 16 3783
 6.210500+6 1.112300-8 6.728000+6 9.609100-9 7.245500+6 8.094900-96325 5 16 3784
 7.763100+6 6.744900-9 8.280600+6 6.071000-9 8.798200+6 5.397100-96325 5 16 3785
 9.315700+6 4.423700-9 9.833200+6 3.295300-9 1.035100+7 1.316600-96325 5 16 3786
 1.086800+7 0.000000+0                                            6325 5 16 3787
 0.000000+0 2.000000+7          0          0          1         226325 5 16 3788
         22          2                                            6325 5 16 3789
 0.000000+0 0.000000+0 5.645300+5 4.255000-7 1.129100+6 4.007100-76325 5 16 3790
 1.693600+6 2.927800-7 2.258100+6 2.124700-7 2.822700+6 1.451600-76325 5 16 3791
 3.387200+6 8.413700-8 3.951700+6 6.267800-8 4.516300+6 4.121800-86325 5 16 3792
 5.080800+6 2.302800-8 5.645300+6 1.830000-8 6.209900+6 1.357200-86325 5 16 3793
 6.774400+6 9.283900-9 7.338900+6 8.326400-9 7.903400+6 7.368900-96325 5 16 3794
 8.468000+6 6.475000-9 9.032500+6 5.885600-9 9.597000+6 5.296200-96325 5 16 3795
 1.016200+7 4.413100-9 1.072600+7 3.360600-9 1.129100+7 1.420100-96325 5 16 3796
 1.185500+7 0.000000+0                                            6325 5 16 3797
                                                                  6325 5  0 3798
 63151.0000 149.620000          0          0          1          06325 5 17 3799
 0.000000+0 0.000000+0          0          1          1          26325 5 17 3800
          2          2                                            6325 5 17 3801
 1.444600+7 1.000000+0 2.000000+7 1.000000+0                      6325 5 17 3802
 0.000000+0 0.000000+0          0          0          1          86325 5 17 3803
          8          2                                            6325 5 17 3804
 0.000000+0 1.444600+7          0          0          1          36325 5 17 3805
          3          2                                            6325 5 17 3806
 0.000000+0 0.000000+0 1.000000+0 1.000000+0 2.000000+0 0.000000+06325 5 17 3807
 0.000000+0 1.600000+7          0          0          1         226325 5 17 3808
         22          2                                            6325 5 17 3809
 0.000000+0 0.000000+0 7.305200+4 3.761600-6 1.461000+5 3.166500-66325 5 17 3810
 2.191600+5 2.314400-6 2.922100+5 1.587500-6 3.652600+5 1.069400-66325 5 17 3811
 4.383100+5 6.527100-7 5.113600+5 4.449600-7 5.844200+5 2.713700-76325 5 17 3812
 6.574700+5 1.594400-7 7.305200+5 1.077400-7 8.035700+5 6.296900-86325 5 17 3813
 8.766200+5 3.698300-8 9.496800+5 2.365200-8 1.022700+6 1.429500-86325 5 17 3814
 1.095800+6 6.329300-9 1.168800+6 3.994000-9 1.241900+6 2.560400-96325 5 17 3815
 1.314900+6 1.437700-9 1.388000+6 6.07190-10 1.461000+6 3.52620-106325 5 17 3816
 1.534100+6 0.000000+0                                            6325 5 17 3817
 0.000000+0 1.650000+7          0          0          1         226325 5 17 3818
         22          2                                            6325 5 17 3819
 0.000000+0 0.000000+0 9.654800+4 3.220600-6 1.931000+5 2.579600-66325 5 17 3820
 2.896400+5 1.746700-6 3.861900+5 1.148900-6 4.827400+5 6.856900-76325 5 17 3821
 5.792900+5 4.150800-7 6.758400+5 2.322800-7 7.723800+5 1.472300-76325 5 17 3822
 8.689300+5 7.701500-8 9.654800+5 4.692100-8 1.062000+6 2.710200-86325 5 17 3823
 1.158600+6 1.323200-8 1.255100+6 8.368500-9 1.351700+6 4.330600-96325 5 17 3824
 1.448200+6 2.294800-9 1.544800+6 1.311900-9 1.641300+6 4.74320-106325 5 17 3825
 1.737900+6 2.42190-10 1.834400+6 1.42920-10 1.931000+6 4.77660-116325 5 17 3826
 2.027500+6 0.000000+0                                            6325 5 17 3827
 0.000000+0 1.700000+7          0          0          1         226325 5 17 3828
         22          2                                            6325 5 17 3829
 0.000000+0 0.000000+0 1.200400+5 2.828600-6 2.400900+5 2.187800-66325 5 17 3830
 3.601300+5 1.366300-6 4.801700+5 8.810600-7 6.002200+5 4.570900-76325 5 17 3831
 7.202600+5 2.797400-7 8.403100+5 1.536600-7 9.603500+5 8.315900-86325 5 17 3832
 1.080400+6 4.544900-8 1.200400+6 2.142800-8 1.320500+6 1.319300-86325 5 17 3833
 1.440500+6 6.129500-9 1.560600+6 3.335700-9 1.680600+6 1.765100-96325 5 17 3834
 1.800700+6 8.09910-10 1.920700+6 4.23890-10 2.040700+6 2.07620-106325 5 17 3835
 2.160800+6 5.13490-11 2.280800+6 2.78810-11 2.400900+6 8.23100-126325 5 17 3836
 2.520900+6 0.000000+0                                            6325 5 17 3837
 0.000000+0 1.750000+7          0          0          1         226325 5 17 3838
         22          2                                            6325 5 17 3839
 0.000000+0 0.000000+0 1.435400+5 2.536000-6 2.870800+5 1.904700-66325 5 17 3840
 4.306200+5 1.094300-6 5.741600+5 6.989700-7 7.177000+5 3.266100-76325 5 17 3841
 8.612400+5 1.952200-7 1.004800+6 1.090700-7 1.148300+6 4.861500-86325 5 17 3842
 1.291900+6 2.759500-8 1.435400+6 1.293500-8 1.578900+6 6.594800-96325 5 17 3843
 1.722500+6 3.330800-9 1.866000+6 1.383400-9 2.009600+6 7.98800-106325 5 17 3844
 2.153100+6 2.95200-10 2.296600+6 1.71160-10 2.440200+6 7.50820-116325 5 17 3845
 2.583700+6 1.24270-11 2.727300+6 6.26840-12 2.870800+6 1.67720-126325 5 17 3846
 3.014300+6 0.000000+0                                            6325 5 17 3847
 0.000000+0 1.800000+7          0          0          1         226325 5 17 3848
         22          2                                            6325 5 17 3849
 0.000000+0 0.000000+0 1.670400+5 2.304400-6 3.340700+5 1.685400-66325 5 17 3850
 5.011100+5 8.904800-7 6.681400+5 5.663000-7 8.351800+5 2.599300-76325 5 17 3851
 1.002200+6 1.395400-7 1.169200+6 7.919200-8 1.336300+6 2.927100-86325 5 17 3852
 1.503300+6 1.715600-8 1.670400+6 8.558400-9 1.837400+6 3.400500-96325 5 17 3853
 2.004400+6 1.820200-9 2.171500+6 6.86700-10 2.338500+6 3.65620-106325 5 17 3854
 2.505500+6 1.55110-10 2.672600+6 6.93270-11 2.839600+6 2.80220-116325 5 17 3855
 3.006600+6 1.24500-11 3.173700+6 1.56860-12 3.340700+6 5.16700-136325 5 17 3856
 3.507700+6 0.000000+0                                            6325 5 17 3857
 0.000000+0 1.900000+7          0          0          1         226325 5 17 3858
         22          2                                            6325 5 17 3859
 0.000000+0 0.000000+0 2.140300+5 1.966000-6 4.280500+5 1.369100-66325 5 17 3860
 6.420800+5 6.266600-7 8.561100+5 3.897900-7 1.070100+6 1.758200-76325 5 17 3861
 1.284200+6 7.567300-8 1.498200+6 4.403400-8 1.712200+6 1.239500-86325 5 17 3862
 1.926200+6 7.104300-9 2.140300+6 3.827200-9 2.354300+6 9.96380-106325 5 17 3863
 2.568300+6 5.76970-10 2.782400+6 2.66420-10 2.996400+6 8.35400-116325 5 17 3864
 3.210400+6 4.18400-11 3.424400+6 1.24900-11 3.638500+6 6.22250-126325 5 17 3865
 3.852500+6 2.15170-12 4.066500+6 1.26400-13 4.280500+6 4.80010-146325 5 17 3866
 4.494600+6 0.000000+0                                            6325 5 17 3867
 0.000000+0 2.000000+7          0          0          1         226325 5 17 3868
         22          2                                            6325 5 17 3869
 0.000000+0 0.000000+0 2.610200+5 1.719400-6 5.220400+5 1.143500-66325 5 17 3870
 7.830600+5 4.813300-7 1.044100+6 2.790300-7 1.305100+6 1.250200-76325 5 17 3871
 1.566100+6 4.340600-8 1.827100+6 2.571500-8 2.088200+6 8.024300-96325 5 17 3872
 2.349200+6 3.164200-9 2.610200+6 1.783200-9 2.871200+6 4.02190-106325 5 17 3873
 3.132200+6 1.98380-10 3.393200+6 1.00830-10 3.654300+6 2.13750-116325 5 17 3874
 3.915300+6 1.17120-11 4.176300+6 3.72280-12 4.437300+6 1.41710-126325 5 17 3875
 4.698300+6 4.01530-13 4.959400+6 1.51950-13 5.220400+6 4.49540-156325 5 17 3876
 5.481400+6 0.000000+0                                            6325 5 17 3877
                                                                  6325 5  0 3878
 63151.0000 149.620000          0          0          1          06325 5 22 3879
 0.000000+0 0.000000+0          0          1          1          26325 5 22 3880
          2          2                                            6325 5 22 3881
 1.000000-5 1.000000+0 2.000000+7 1.000000+0                      6325 5 22 3882
 0.000000+0 0.000000+0          0          0          1         126325 5 22 3883
         12          2                                            6325 5 22 3884
 0.000000+0 1.000000-5          0          0          1          36325 5 22 3885
          3          2                                            6325 5 22 3886
 0.000000+0 0.000000+0 1.000000+0 1.000000+0 2.000000+0 0.000000+06325 5 22 3887
 0.000000+0 1.150000+7          0          0          1          36325 5 22 3888
          3          2                                            6325 5 22 3889
 0.000000+0 0.000000+0 1.000000+0 1.000000+0 2.000000+0 0.000000+06325 5 22 3890
 0.000000+0 1.250000+7          0          0          1         226325 5 22 3891
         22          2                                            6325 5 22 3892
 2.746400+5 0.000000+0 6.478400+5 6.488000-7 1.021000+6 5.583800-76325 5 22 3893
 1.394300+6 4.378800-7 1.767500+6 3.301100-7 2.140700+6 2.461000-76325 5 22 3894
 2.513900+6 1.680700-7 2.887100+6 1.211000-7 3.260300+6 8.029100-86325 5 22 3895
 3.633500+6 4.440800-8 4.006700+6 2.776100-8 4.379900+6 1.041100-86325 5 22 3896
 4.753100+6 3.038700-9 5.126300+6 1.812700-9 5.499500+6 1.001100-96325 5 22 3897
 5.872700+6 1.89600-10 6.245900+6 9.61960-11 6.619100+6 4.11110-116325 5 22 3898
 6.992300+6 5.05180-12 7.365500+6 1.91900-12 7.738700+6 5.87790-146325 5 22 3899
 8.111900+6 0.000000+0                                            6325 5 22 3900
 0.000000+0 1.350000+7          0          0          1         226325 5 22 3901
         22          2                                            6325 5 22 3902
 2.936100+5 0.000000+0 7.219800+5 6.049000-7 1.150400+6 5.140900-76325 5 22 3903
 1.578700+6 3.920000-7 2.007100+6 2.895800-7 2.435500+6 2.035500-76325 5 22 3904
 2.863900+6 1.285500-7 3.292200+6 9.002000-8 3.720600+6 5.472600-86325 5 22 3905
 4.149000+6 2.723800-8 4.577400+6 1.799100-8 5.005700+6 9.159700-96325 5 22 3906
 5.434100+6 1.296700-9 5.862500+6 7.76110-10 6.290900+6 4.10430-106325 5 22 3907
 6.719200+6 6.16360-11 7.147600+6 3.14040-11 7.576000+6 1.21480-116325 5 22 3908
 8.004400+6 1.21810-12 8.432700+6 4.10360-13 8.861100+6 1.02410-146325 5 22 3909
 9.289500+6 0.000000+0                                            6325 5 22 3910
 0.000000+0 1.410000+7          0          0          1         226325 5 22 3911
         22          2                                            6325 5 22 3912
 3.049900+5 0.000000+0 7.661500+5 5.954000-7 1.227300+6 4.956000-76325 5 22 3913
 1.688500+6 3.651500-7 2.149600+6 2.648500-7 2.610800+6 1.785700-76325 5 22 3914
 3.071900+6 1.092700-7 3.533100+6 7.347700-8 3.994200+6 4.399400-86325 5 22 3915
 4.455400+6 2.039100-8 4.916500+6 1.294500-8 5.377700+6 7.384100-96325 5 22 3916
 5.838800+6 7.35030-10 6.300000+6 4.30010-10 6.761100+6 2.26150-106325 5 22 3917
 7.222300+6 3.07080-11 7.683500+6 1.51730-11 8.144600+6 5.81930-126325 5 22 3918
 8.605800+6 4.79640-13 9.066900+6 1.63510-13 9.528100+6 4.04840-156325 5 22 3919
 9.989200+6 0.000000+0                                            6325 5 22 3920
 0.000000+0 1.600000+7          0          0          1         226325 5 22 3921
         22          2                                            6325 5 22 3922
 3.410300+5 0.000000+0 9.047200+5 5.474800-7 1.468400+6 4.330600-76325 5 22 3923
 2.032100+6 2.993400-7 2.595800+6 2.061100-7 3.159500+6 1.272000-76325 5 22 3924
 3.723200+6 7.204400-8 4.286900+6 4.419400-8 4.850600+6 2.528400-86325 5 22 3925
 5.414300+6 9.098200-9 5.977900+6 5.755300-9 6.541600+6 3.043800-96325 5 22 3926
 7.105300+6 1.277300-9 7.669000+6 8.06550-11 8.232700+6 4.18840-116325 5 22 3927
 8.796400+6 4.27030-12 9.360100+6 1.89170-12 9.923800+6 7.15760-136325 5 22 3928
 1.048700+7 3.38640-14 1.105100+7 1.16980-14 1.161500+7 2.19480-166325 5 22 3929
 1.217900+7 0.000000+0                                            6325 5 22 3930
 0.000000+0 1.650000+7          0          0          1         226325 5 22 3931
         22          2                                            6325 5 22 3932
 0.000000+0 0.000000+0 3.864800+5 3.340600-7 7.729700+5 4.769800-76325 5 22 3933
 1.159500+6 4.219300-7 1.545900+6 3.484200-7 1.932400+6 2.743400-76325 5 22 3934
 2.318900+6 2.016300-7 2.705400+6 1.605900-7 3.091900+6 1.198600-76325 5 22 3935
 3.478400+6 8.009200-8 3.864800+6 5.457800-8 4.251300+6 4.102100-86325 5 22 3936
 4.637800+6 2.746500-8 5.024300+6 1.915100-8 5.410800+6 1.118400-86325 5 22 3937
 5.797300+6 5.586900-9 6.183800+6 4.194300-9 6.570200+6 2.891900-96325 5 22 3938
 6.956700+6 1.799000-9 7.343200+6 1.067700-9 7.729700+6 5.79930-106325 5 22 3939
 8.116200+6 0.000000+0                                            6325 5 22 3940
 0.000000+0 1.700000+7          0          0          1         226325 5 22 3941
         22          2                                            6325 5 22 3942
 0.000000+0 0.000000+0 4.100300+5 3.560100-7 8.200700+5 4.658600-76325 5 22 3943
 1.230100+6 4.037700-7 1.640100+6 3.272900-7 2.050200+6 2.531500-76325 5 22 3944
 2.460200+6 1.809400-7 2.870200+6 1.426800-7 3.280300+6 1.044200-76325 5 22 3945
 3.690300+6 6.713700-8 4.100300+6 4.617200-8 4.510400+6 3.408100-86325 5 22 3946
 4.920400+6 2.199000-8 5.330400+6 1.492500-8 5.740500+6 8.193200-96325 5 22 3947
 6.150500+6 4.363900-9 6.560500+6 3.225600-9 6.970600+6 2.169000-96325 5 22 3948
 7.380600+6 1.292200-9 7.790600+6 7.34500-10 8.200700+6 4.20880-106325 5 22 3949
 8.610700+6 0.000000+0                                            6325 5 22 3950
 0.000000+0 1.750000+7          0          0          1         226325 5 22 3951
         22          2                                            6325 5 22 3952
 0.000000+0 0.000000+0 4.335800+5 3.749300-7 8.671600+5 4.564000-76325 5 22 3953
 1.300700+6 3.862600-7 1.734300+6 3.078300-7 2.167900+6 2.337200-76325 5 22 3954
 2.601500+6 1.623100-7 3.035100+6 1.265400-7 3.468600+6 9.077300-86325 5 22 3955
 3.902200+6 5.599400-8 4.335800+6 3.892500-8 4.769400+6 2.821100-86325 5 22 3956
 5.203000+6 1.749700-8 5.636500+6 1.159500-8 6.070100+6 6.012100-96325 5 22 3957
 6.503700+6 3.435100-9 6.937300+6 2.501700-9 7.370900+6 1.642200-96325 5 22 3958
 7.804500+6 9.36840-10 8.238000+6 5.48030-10 8.671600+6 3.08070-106325 5 22 3959
 9.105200+6 0.000000+0                                            6325 5 22 3960
 0.000000+0 1.800000+7          0          0          1         226325 5 22 3961
         22          2                                            6325 5 22 3962
 0.000000+0 0.000000+0 4.571300+5 3.900500-7 9.142600+5 4.479000-76325 5 22 3963
 1.371400+6 3.699900-7 1.828500+6 2.898700-7 2.285600+6 2.159600-76325 5 22 3964
 2.742800+6 1.454300-7 3.199900+6 1.121300-7 3.657000+6 7.883900-86325 5 22 3965
 4.114200+6 4.654200-8 4.571300+6 3.272600-8 5.028400+6 2.330100-86325 5 22 3966
 5.485500+6 1.387700-8 5.942700+6 9.006800-9 6.399800+6 4.726400-96325 5 22 3967
 6.856900+6 2.707100-9 7.314100+6 1.944100-9 7.771200+6 1.247300-96325 5 22 3968
 8.228300+6 6.81940-10 8.685400+6 4.12370-10 9.142600+6 2.25960-106325 5 22 3969
 9.599700+6 0.000000+0                                            6325 5 22 3970
 0.000000+0 1.900000+7          0          0          1         226325 5 22 3971
         22          2                                            6325 5 22 3972
 0.000000+0 0.000000+0 5.042200+5 4.099900-7 1.008400+6 4.319200-76325 5 22 3973
 1.512700+6 3.400500-7 2.016900+6 2.574500-7 2.521100+6 1.851400-76325 5 22 3974
 3.025300+6 1.171200-7 3.529600+6 8.850300-8 4.033800+6 5.989000-86325 5 22 3975
 4.538000+6 3.225600-8 5.042200+6 2.321200-8 5.546500+6 1.598300-86325 5 22 3976
 6.050700+6 8.753800-9 6.554900+6 5.502800-9 7.059100+6 3.172000-96325 5 22 3977
 7.563300+6 1.682700-9 8.067600+6 1.177800-9 8.571800+6 7.24870-106325 5 22 3978
 9.076000+6 3.66230-10 9.580200+6 2.33100-10 1.008400+7 1.21460-106325 5 22 3979
 1.058900+7 0.000000+0                                            6325 5 22 3980
 0.000000+0 2.000000+7          0          0          1         226325 5 22 3981
         22          2                                            6325 5 22 3982
 0.000000+0 0.000000+0 5.513200+5 4.184600-7 1.102600+6 4.157200-76325 5 22 3983
 1.654000+6 3.134300-7 2.205300+6 2.297800-7 2.756600+6 1.600900-76325 5 22 3984
 3.307900+6 9.512300-8 3.859200+6 7.066800-8 4.410500+6 4.621300-86325 5 22 3985
 4.961900+6 2.268300-8 5.513200+6 1.669200-8 6.064500+6 1.115900-86325 5 22 3986
 6.615800+6 5.625300-9 7.167100+6 3.457400-9 7.718400+6 2.128200-96325 5 22 3987
 8.269800+6 1.048200-9 8.821100+6 7.17250-10 9.372400+6 4.25800-106325 5 22 3988
 9.923700+6 2.10380-10 1.047500+7 1.31310-10 1.102600+7 6.50950-116325 5 22 3989
 1.157800+7 0.000000+0                                            6325 5 22 3990
                                                                  6325 5  0 3991
 63151.0000 149.620000          0          0          1          06325 5 28 3992
 0.000000+0 0.000000+0          0          1          1          26325 5 28 3993
          2          2                                            6325 5 28 3994
 4.923900+6 1.000000+0 2.000000+7 1.000000+0                      6325 5 28 3995
 0.000000+0 0.000000+0          0          0          1         126325 5 28 3996
         12          2                                            6325 5 28 3997
 0.000000+0 4.923900+6          0          0          1          36325 5 28 3998
          3          2                                            6325 5 28 3999
 0.000000+0 0.000000+0 1.000000+0 1.000000+0 2.000000+0 0.000000+06325 5 28 4000
 0.000000+0 1.150000+7          0          0          1          36325 5 28 4001
          3          2                                            6325 5 28 4002
 0.000000+0 0.000000+0 1.000000+0 1.000000+0 2.000000+0 0.000000+06325 5 28 4003
 0.000000+0 1.250000+7          0          0          1         226325 5 28 4004
         22          2                                            6325 5 28 4005
 2.549400+4 0.000000+0 2.894700+5 6.577200-7 5.534400+5 7.189400-76325 5 28 4006
 8.174200+5 6.694800-7 1.081400+6 5.350600-7 1.345400+6 3.957400-76325 5 28 4007
 1.609300+6 2.848800-7 1.873300+6 2.027600-7 2.137300+6 1.298800-76325 5 28 4008
 2.401300+6 8.532200-8 2.665200+6 5.244500-8 2.929200+6 2.845300-86325 5 28 4009
 3.193200+6 1.520000-8 3.457200+6 7.636300-9 3.721100+6 3.052000-96325 5 28 4010
 3.985100+6 1.058900-9 4.249100+6 4.65610-10 4.513100+6 1.19410-106325 5 28 4011
 4.777000+6 2.20260-11 5.041000+6 4.88520-12 5.305000+6 2.07170-136325 5 28 4012
 5.569000+6 0.000000+0                                            6325 5 28 4013
 0.000000+0 1.350000+7          0          0          1         226325 5 28 4014
         22          2                                            6325 5 28 4015
 2.886000+4 0.000000+0 3.422500+5 6.781200-7 6.556500+5 6.567300-76325 5 28 4016
 9.690500+5 5.558700-7 1.282400+6 4.312600-7 1.595800+6 3.102400-76325 5 28 4017
 1.909200+6 2.166400-7 2.222600+6 1.422100-7 2.536000+6 8.828500-86325 5 28 4018
 2.849400+6 5.506500-8 3.162800+6 3.046500-8 3.476200+6 1.597700-86325 5 28 4019
 3.789600+6 5.787500-9 4.103000+6 2.726300-9 4.416400+6 1.031800-96325 5 28 4020
 4.729800+6 3.01510-10 5.043200+6 1.15820-10 5.356600+6 2.43490-116325 5 28 4021
 5.670000+6 4.30440-12 5.983400+6 7.50470-13 6.296800+6 2.47260-146325 5 28 4022
 6.610200+6 0.000000+0                                            6325 5 28 4023
 0.000000+0 1.410000+7          0          0          1         226325 5 28 4024
         22          2                                            6325 5 28 4025
 3.088000+4 0.000000+0 3.738300+5 6.649900-7 7.167700+5 6.271100-76325 5 28 4026
 1.059700+6 5.149500-7 1.402700+6 3.856500-7 1.745600+6 2.671400-76325 5 28 4027
 2.088600+6 1.824600-7 2.431500+6 1.163000-7 2.774400+6 7.081400-86325 5 28 4028
 3.117400+6 4.272200-8 3.460300+6 2.348500-8 3.803300+6 1.217900-86325 5 28 4029
 4.146200+6 5.542000-9 4.489200+6 1.706300-9 4.832100+6 6.35250-106325 5 28 4030
 5.175100+6 1.66490-10 5.518000+6 6.16130-11 5.860900+6 1.20540-116325 5 28 4031
 6.203900+6 1.99730-12 6.546800+6 3.12220-13 6.889800+6 8.53970-156325 5 28 4032
 7.232700+6 0.000000+0                                            6325 5 28 4033
 0.000000+0 1.600000+7          0          0          1         226325 5 28 4034
         22          2                                            6325 5 28 4035
 3.727600+4 0.000000+0 4.734100+5 6.723300-7 9.095400+5 5.468900-76325 5 28 4036
 1.345700+6 4.026900-7 1.781800+6 2.612400-7 2.217900+6 1.731500-76325 5 28 4037
 2.654100+6 1.007000-7 3.090200+6 6.533100-8 3.526300+6 3.216700-86325 5 28 4038
 3.962500+6 1.965100-8 4.398600+6 9.945200-9 4.834700+6 5.027900-96325 5 28 4039
 5.270900+6 2.429200-9 5.707000+6 1.177700-9 6.143100+6 1.23590-106325 5 28 4040
 6.579300+6 2.94370-11 7.015400+6 9.13790-12 7.451500+6 1.41010-126325 5 28 4041
 7.887700+6 1.95880-13 8.323800+6 2.46040-14 8.759900+6 4.60310-166325 5 28 4042
 9.196000+6 0.000000+0                                            6325 5 28 4043
 0.000000+0 1.650000+7          0          0          1         226325 5 28 4044
         22          2                                            6325 5 28 4045
 0.000000+0 0.000000+0 3.160800+5 5.857800-7 6.321600+5 6.143600-76325 5 28 4046
 9.482400+5 5.055900-7 1.264300+6 4.049300-7 1.580400+6 3.090200-76325 5 28 4047
 1.896500+6 2.184600-7 2.212600+6 1.672600-7 2.528600+6 1.177400-76325 5 28 4048
 2.844700+6 7.732300-8 3.160800+6 5.836200-8 3.476900+6 3.940100-86325 5 28 4049
 3.793000+6 2.261100-8 4.109000+6 1.602700-8 4.425100+6 1.116400-86325 5 28 4050
 4.741200+6 6.342800-9 5.057300+6 3.998600-9 5.373300+6 2.462500-96325 5 28 4051
 5.689400+6 1.487100-9 6.005500+6 9.30540-10 6.321600+6 5.10290-106325 5 28 4052
 6.637700+6 0.000000+0                                            6325 5 28 4053
 0.000000+0 1.700000+7          0          0          1         226325 5 28 4054
         22          2                                            6325 5 28 4055
 0.000000+0 0.000000+0 3.396000+5 5.880400-7 6.792000+5 6.030600-76325 5 28 4056
 1.018800+6 4.819700-7 1.358400+6 3.756500-7 1.698000+6 2.797000-76325 5 28 4057
 2.037600+6 1.897300-7 2.377200+6 1.430500-7 2.716800+6 9.835600-86325 5 28 4058
 3.056400+6 6.188100-8 3.396000+6 4.602800-8 3.735600+6 3.017400-86325 5 28 4059
 4.075200+6 1.663400-8 4.414800+6 1.178900-8 4.754400+6 8.024200-96325 5 28 4060
 5.094000+6 4.265700-9 5.433600+6 2.699300-9 5.773200+6 1.673200-96325 5 28 4061
 6.112800+6 9.80770-10 6.452400+6 6.01270-10 6.792000+6 3.22820-106325 5 28 4062
 7.131600+6 0.000000+0                                            6325 5 28 4063
 0.000000+0 1.750000+7          0          0          1         226325 5 28 4064
         22          2                                            6325 5 28 4065
 0.000000+0 0.000000+0 3.631200+5 5.869900-7 7.262500+5 5.901100-76325 5 28 4066
 1.089400+6 4.590500-7 1.452500+6 3.490600-7 1.815600+6 2.542400-76325 5 28 4067
 2.178700+6 1.653600-7 2.541900+6 1.228500-7 2.905000+6 8.263100-86325 5 28 4068
 3.268100+6 4.964700-8 3.631200+6 3.647400-8 3.994400+6 2.330200-86325 5 28 4069
 4.357500+6 1.236700-8 4.720600+6 8.752800-9 5.083700+6 5.823900-96325 5 28 4070
 5.446800+6 2.925400-9 5.810000+6 1.881100-9 6.173100+6 1.157200-96325 5 28 4071
 6.536200+6 6.53710-10 6.899300+6 3.96720-10 7.262500+6 2.10180-106325 5 28 4072
 7.625600+6 0.000000+0                                            6325 5 28 4073
 0.000000+0 1.800000+7          0          0          1         226325 5 28 4074
         22          2                                            6325 5 28 4075
 0.000000+0 0.000000+0 3.866400+5 5.835200-7 7.732900+5 5.759200-76325 5 28 4076
 1.159900+6 4.368700-7 1.546600+6 3.248600-7 1.933200+6 2.320300-76325 5 28 4077
 2.319900+6 1.447600-7 2.706500+6 1.060400-7 3.093200+6 6.983800-86325 5 28 4078
 3.479800+6 4.003700-8 3.866400+6 2.911100-8 4.253100+6 1.823100-86325 5 28 4079
 4.639700+6 9.272500-9 5.026400+6 6.556400-9 5.413000+6 4.277700-96325 5 28 4080
 5.799700+6 2.048300-9 6.186300+6 1.327400-9 6.573000+6 8.13580-106325 5 28 4081
 6.959600+6 4.41050-10 7.346200+6 2.66750-10 7.732900+6 1.38280-106325 5 28 4082
 8.119500+6 0.000000+0                                            6325 5 28 4083
 0.000000+0 1.900000+7          0          0          1         226325 5 28 4084
         22          2                                            6325 5 28 4085
 0.000000+0 0.000000+0 4.336900+5 5.727400-7 8.673800+5 5.447100-76325 5 28 4086
 1.301100+6 3.953200-7 1.734800+6 2.827800-7 2.168400+6 1.951800-76325 5 28 4087
 2.602100+6 1.122200-7 3.035800+6 8.023700-8 3.469500+6 5.115900-86325 5 28 4088
 3.903200+6 2.660800-8 4.336900+6 1.903800-8 4.770600+6 1.160000-86325 5 28 4089
 5.204300+6 5.459000-9 5.637900+6 3.791400-9 6.071600+6 2.398300-96325 5 28 4090
 6.505300+6 1.061100-9 6.939000+6 6.91540-10 7.372700+6 4.15580-106325 5 28 4091
 7.806400+6 2.08560-10 8.240100+6 1.25050-10 8.673800+6 6.22680-116325 5 28 4092
 9.107400+6 0.000000+0                                            6325 5 28 4093
 0.000000+0 2.000000+7          0          0          1         226325 5 28 4094
         22          2                                            6325 5 28 4095
 0.000000+0 0.000000+0 4.807300+5 5.600700-7 9.614600+5 5.135900-76325 5 28 4096
 1.442200+6 3.579500-7 1.922900+6 2.470800-7 2.403700+6 1.656900-76325 5 28 4097
 2.884400+6 8.828900-8 3.365100+6 6.186100-8 3.845900+6 3.850000-86325 5 28 4098
 4.326600+6 1.820600-8 4.807300+6 1.286200-8 5.288000+6 7.683700-96325 5 28 4099
 5.768800+6 3.345500-9 6.249500+6 2.271800-9 6.730200+6 1.404400-96325 5 28 4100
 7.211000+6 5.77080-10 7.691700+6 3.77320-10 8.172400+6 2.19610-106325 5 28 4101
 8.653200+6 1.03050-10 9.133900+6 6.09240-11 9.614600+6 2.89520-116325 5 28 4102
 1.009500+7 0.000000+0                                            6325 5 28 4103
                                                                  6325 5  0 4104
 63151.0000 149.620000          0          0          1          06325 5 91 4105
 0.000000+0 0.000000+0          0          1          1          26325 5 91 4106
          2          2                                            6325 5 91 4107
 4.187800+5 1.000000+0 2.000000+7 1.000000+0                      6325 5 91 4108
 0.000000+0 0.000000+0          0          0          1         386325 5 91 4109
         38          2                                            6325 5 91 4110
 0.000000+0 4.187800+5          0          0          1          36325 5 91 4111
          3          2                                            6325 5 91 4112
 0.000000+0 0.000000+0 1.000000+0 1.000000+0 2.000000+0 0.000000+06325 5 91 4113
 0.000000+0 5.000000+5          0          0          1         126325 5 91 4114
         12          2                                            6325 5 91 4115
 0.000000+0 0.000000+0 1.046000+3 2.324900-6 5.409000+3 5.146000-66325 5 91 4116
 1.285100+4 7.756700-6 2.271200+4 1.018900-5 3.411800+4 1.241100-56325 5 91 4117
 4.605300+4 1.435300-5 5.745800+4 1.596500-5 6.732000+4 1.721000-56325 5 91 4118
 7.476100+4 1.807500-5 7.912400+4 1.856200-5 8.017000+4 0.000000+06325 5 91 4119
 0.000000+0 1.000000+6          0          0          1         126325 5 91 4120
         12          2                                            6325 5 91 4121
 0.000000+0 0.000000+0 7.483600+3 4.013300-7 3.870000+4 8.822600-76325 5 91 4122
 9.194500+4 1.328200-6 1.625000+5 1.671700-6 2.441000+5 1.910500-66325 5 91 4123
 3.295000+5 2.038100-6 4.111000+5 2.087600-6 4.816500+5 2.092300-66325 5 91 4124
 5.349000+5 2.076500-6 5.661100+5 2.059800-6 5.736000+5 0.000000+06325 5 91 4125
 0.000000+0 1.300000+6          0          0          1         126325 5 91 4126
         12          2                                            6325 5 91 4127
 0.000000+0 0.000000+0 1.134600+4 3.139700-7 5.867400+4 6.927800-76325 5 91 4128
 1.394000+5 1.012400-6 2.463700+5 1.231400-6 3.700900+5 1.331100-66325 5 91 4129
 4.995600+5 1.342600-6 6.232800+5 1.297400-6 7.302500+5 1.224000-66325 5 91 4130
 8.109800+5 1.153700-6 8.583100+5 1.108100-6 8.696500+5 0.000000+06325 5 91 4131
 0.000000+0 1.350000+6          0          0          1         126325 5 91 4132
         12          2                                            6325 5 91 4133
 0.000000+0 0.000000+0 1.199000+4 3.061700-7 6.200300+4 6.758100-76325 5 91 4134
 1.473100+5 9.833900-7 2.603500+5 1.186700-6 3.910900+5 1.270900-66325 5 91 4135
 5.279100+5 1.271200-6 6.586400+5 1.213100-6 7.716900+5 1.130400-66325 5 91 4136
 8.569900+5 1.054500-6 9.070100+5 1.006900-6 9.190000+5 0.000000+06325 5 91 4137
 0.000000+0 1.400000+6          0          0          1         126325 5 91 4138
         12          2                                            6325 5 91 4139
 0.000000+0 0.000000+0 1.263400+4 2.997400-7 6.533200+4 6.613500-76325 5 91 4140
 1.552200+5 9.582600-7 2.743300+5 1.146900-6 4.120900+5 1.218600-66325 5 91 4141
 5.562500+5 1.205800-6 6.940100+5 1.136100-6 8.131200+5 1.045300-66325 5 91 4142
 9.030100+5 9.652500-7 9.557100+5 9.152500-7 9.683400+5 0.000000+06325 5 91 4143
 0.000000+0 1.450000+6          0          0          1         126325 5 91 4144
         12          2                                            6325 5 91 4145
 0.000000+0 0.000000+0 1.327700+4 2.945000-7 6.866100+4 6.493600-76325 5 91 4146
 1.631300+5 9.365900-7 2.883100+5 1.111500-6 4.330900+5 1.171900-66325 5 91 4147
 5.845900+5 1.146000-6 7.293700+5 1.065900-6 8.545500+5 9.677400-76325 5 91 4148
 9.490200+5 8.838100-7 1.004400+6 8.328200-7 1.017700+6 0.000000+06325 5 91 4149
 0.000000+0 1.500000+6          0          0          1         126325 5 91 4150
         12          2                                            6325 5 91 4151
 0.000000+0 0.000000+0 1.392100+4 2.902400-7 7.199000+4 6.389300-76325 5 91 4152
 1.710400+5 9.177400-7 3.022900+5 1.080000-6 4.540900+5 1.129000-66325 5 91 4153
 6.129400+5 1.091500-6 7.647300+5 1.001400-6 8.959900+5 8.971700-76325 5 91 4154
 9.950300+5 8.104600-7 1.053100+6 7.567100-7 1.067000+6 0.000000+06325 5 91 4155
 0.000000+0 1.550000+6          0          0          1         126325 5 91 4156
         12          2                                            6325 5 91 4157
 0.000000+0 0.000000+0 1.456500+4 2.869000-7 7.531900+4 6.302600-76325 5 91 4158
 1.789500+5 9.015000-7 3.162700+5 1.052700-6 4.750800+5 1.089600-66325 5 91 4159
 6.412800+5 1.041600-6 8.001000+5 9.420700-7 9.374200+5 8.316700-76325 5 91 4160
 1.041000+6 7.416600-7 1.101800+6 6.889300-7 1.116400+6 0.000000+06325 5 91 4161
 0.000000+0 1.600000+6          0          0          1         126325 5 91 4162
         12          2                                            6325 5 91 4163
 0.000000+0 0.000000+0 1.520900+4 2.838800-7 7.864900+4 6.231700-76325 5 91 4164
 1.868600+5 8.873800-7 3.302500+5 1.027800-6 4.960800+5 1.053100-66325 5 91 4165
 6.696300+5 9.951600-7 8.354600+5 8.865600-7 9.788500+5 7.720200-76325 5 91 4166
 1.087100+6 6.798300-7 1.150500+6 6.282600-7 1.165700+6 0.000000+06325 5 91 4167
 0.000000+0 1.700000+6          0          0          1         126325 5 91 4168
         12          2                                            6325 5 91 4169
 0.000000+0 0.000000+0 1.649600+4 2.788400-7 8.530700+4 6.120300-76325 5 91 4170
 2.026800+5 8.635900-7 3.582100+5 9.841000-7 5.380800+5 9.905200-76325 5 91 4171
 7.263200+5 9.108900-7 9.061900+5 7.870900-7 1.061700+6 6.636500-76325 5 91 4172
 1.179100+6 5.735000-7 1.247900+6 5.242200-7 1.264400+6 0.000000+06325 5 91 4173
 0.000000+0 1.900000+6          0          0          1         126325 5 91 4174
         12          2                                            6325 5 91 4175
 0.000000+0 0.000000+0 1.907100+4 2.751400-7 9.862300+4 6.010600-76325 5 91 4176
 2.343100+5 8.291600-7 4.141200+5 9.171500-7 6.220700+5 8.866800-76325 5 91 4177
 8.396900+5 7.696000-7 1.047600+6 6.213400-7 1.227500+6 4.960000-76325 5 91 4178
 1.363100+6 4.091300-7 1.442700+6 3.641200-7 1.461800+6 0.000000+06325 5 91 4179
 0.000000+0 2.100000+6          0          0          1         126325 5 91 4180
         12          2                                            6325 5 91 4181
 0.000000+0 0.000000+0 2.164600+4 2.753800-7 1.119400+5 5.969600-76325 5 91 4182
 2.659500+5 8.083600-7 4.700400+5 8.683000-7 7.060700+5 8.016800-76325 5 91 4183
 9.530700+5 6.525600-7 1.189100+6 4.922600-7 1.393200+6 3.698800-76325 5 91 4184
 1.547200+6 2.933400-7 1.637500+6 2.545600-7 1.659100+6 0.000000+06325 5 91 4185
 0.000000+0 2.350000+6          0          0          1         126325 5 91 4186
         12          2                                            6325 5 91 4187
 0.000000+0 0.000000+0 2.486500+4 2.800200-7 1.285800+5 6.013800-76325 5 91 4188
 3.055000+5 7.934500-7 5.399300+5 8.200300-7 8.110600+5 7.098000-76325 5 91 4189
 1.094800+6 5.285600-7 1.365900+6 3.671500-7 1.600400+6 2.575100-76325 5 91 4190
 1.777300+6 1.942700-7 1.881000+6 1.639800-7 1.905900+6 0.000000+06325 5 91 4191
 0.000000+0 2.684500+6          0          0          1         126325 5 91 4192
         12          2                                            6325 5 91 4193
 0.000000+0 0.000000+0 2.917200+4 2.912600-7 1.508600+5 6.154200-76325 5 91 4194
 3.584100+5 7.828000-7 6.334500+5 7.635700-7 9.515400+5 5.994800-76325 5 91 4195
 1.284400+6 3.971600-7 1.602500+6 2.469700-7 1.877500+6 1.587300-76325 5 91 4196
 2.085100+6 1.125700-7 2.206800+6 9.178000-8 2.236000+6 0.000000+06325 5 91 4197
 0.000000+0 3.000000+6          0          0          1         126325 5 91 4198
         12          2                                            6325 5 91 4199
 0.000000+0 0.000000+0 3.323400+4 3.032700-7 1.718600+5 6.334500-76325 5 91 4200
 4.083200+5 7.758500-7 7.216600+5 7.132500-7 1.084000+6 5.049600-76325 5 91 4201
 1.463300+6 3.002600-7 1.825600+6 1.694900-7 2.139000+6 1.009200-76325 5 91 4202
 2.375400+6 6.772100-8 2.514100+6 5.346600-8 2.547300+6 0.000000+06325 5 91 4203
 0.000000+0 3.500000+6          0          0          1         126325 5 91 4204
         12          2                                            6325 5 91 4205
 0.000000+0 0.000000+0 3.967200+4 3.147500-7 2.051500+5 6.555000-76325 5 91 4206
 4.874100+5 7.664500-7 8.614500+5 6.317200-7 1.294000+6 3.787700-76325 5 91 4207
 1.746700+6 1.901200-7 2.179300+6 9.310500-8 2.553300+6 4.937200-86325 5 91 4208
 2.835600+6 3.034000-8 3.001100+6 2.274300-8 3.040700+6 0.000000+06325 5 91 4209
 0.000000+0 4.923900+6          0          0          1         126325 5 91 4210
         12          2                                            6325 5 91 4211
 0.000000+0 0.000000+0 5.800500+4 2.872900-7 2.999600+5 5.901100-76325 5 91 4212
 7.126600+5 6.529700-7 1.259500+6 4.244100-7 1.892000+6 1.815300-76325 5 91 4213
 2.553900+6 7.232300-8 3.186400+6 3.490800-8 3.733300+6 2.036800-86325 5 91 4214
 4.146000+6 1.289100-8 4.387900+6 8.875300-9 4.445900+6 0.000000+06325 5 91 4215
 0.000000+0 5.485900+6          0          0          1         126325 5 91 4216
         12          2                                            6325 5 91 4217
 0.000000+0 0.000000+0 6.524100+4 2.782300-7 3.373800+5 5.701100-76325 5 91 4218
 8.015600+5 6.102000-7 1.416700+6 3.594000-7 2.128000+6 1.427000-76325 5 91 4219
 2.872500+6 5.422900-8 3.583900+6 2.713600-8 4.199000+6 1.669100-86325 5 91 4220
 4.663100+6 1.074100-8 4.935300+6 7.207400-9 5.000500+6 0.000000+06325 5 91 4221
 0.000000+0 6.000000+6          0          0          1         126325 5 91 4222
         12          2                                            6325 5 91 4223
 0.000000+0 0.000000+0 7.186000+4 2.705100-7 3.716100+5 5.525600-76325 5 91 4224
 8.828800+5 5.722100-7 1.560400+6 3.099900-7 2.343900+6 1.161100-76325 5 91 4225
 3.163900+6 4.387600-8 3.947500+6 2.306600-8 4.625000+6 1.490500-86325 5 91 4226
 5.136300+6 9.696700-9 5.436000+6 6.370500-9 5.507900+6 0.000000+06325 5 91 4227
 0.000000+0 7.000000+6          0          0          1         226325 5 91 4228
         22          2                                            6325 5 91 4229
 0.000000+0 0.000000+0 2.421200+3 4.415100-8 1.252000+4 9.922300-86325 5 91 4230
 2.974700+4 1.525400-7 5.257400+4 2.035600-7 7.897400+4 2.510200-76325 5 91 4231
 1.066000+5 2.916300-7 1.330000+5 3.241600-7 1.558300+5 3.500100-76325 5 91 4232
 1.730600+5 3.681700-7 1.831500+5 3.783100-7 2.433400+5 4.289600-76325 5 91 4233
 4.843000+5 5.442500-7 8.953000+5 5.484600-7 1.439900+6 3.654400-76325 5 91 4234
 2.069800+6 1.832900-7 2.729000+6 8.576800-8 3.358900+6 4.466300-86325 5 91 4235
 3.903500+6 2.869000-8 4.314500+6 2.244800-8 4.555400+6 1.999600-86325 5 91 4236
 4.613200+6 0.000000+0                                            6325 5 91 4237
 0.000000+0 7.613400+6          0          0          1         226325 5 91 4238
         22          2                                            6325 5 91 4239
 0.000000+0 0.000000+0 1.031900+4 8.296200-8 5.336200+4 1.881900-76325 5 91 4240
 1.267800+5 2.917600-7 2.240700+5 3.835500-7 3.365800+5 4.533100-76325 5 91 4241
 4.543300+5 5.020800-7 5.668400+5 5.307100-7 6.641300+5 5.424600-76325 5 91 4242
 7.375500+5 5.436500-7 7.805900+5 5.416300-7 8.486800+5 5.342500-76325 5 91 4243
 1.089600+6 4.776600-7 1.500600+6 3.430900-7 2.045300+6 1.944400-76325 5 91 4244
 2.675100+6 9.736500-8 3.334300+6 4.978100-8 3.964200+6 2.995300-86325 5 91 4245
 4.508800+6 2.204400-8 4.919800+6 1.863600-8 5.160800+6 1.711200-86325 5 91 4246
 5.218500+6 0.000000+0                                            6325 5 91 4247
 0.000000+0 7.987300+6          0          0          1         226325 5 91 4248
         22          2                                            6325 5 91 4249
 0.000000+0 0.000000+0 1.513300+4 9.572700-8 7.825600+4 2.200800-76325 5 91 4250
 1.859300+5 3.386100-7 3.286000+5 4.338600-7 4.936100+5 4.984200-76325 5 91 4251
 6.662900+5 5.295500-7 8.313000+5 5.263800-7 9.739700+5 5.029900-76325 5 91 4252
 1.081600+6 4.748000-7 1.144800+6 4.567300-7 1.217700+6 4.353000-76325 5 91 4253
 1.458600+6 3.573000-7 1.869600+6 2.388500-7 2.414300+6 1.340100-76325 5 91 4254
 3.044100+6 6.936800-8 3.703300+6 3.818000-8 4.333200+6 2.517600-86325 5 91 4255
 4.877800+6 1.981600-8 5.288800+6 1.728900-8 5.529800+6 1.605600-86325 5 91 4256
 5.587500+6 0.000000+0                                            6325 5 91 4257
 0.000000+0 8.750000+6          0          0          1         226325 5 91 4258
         22          2                                            6325 5 91 4259
 0.000000+0 0.000000+0 2.495300+4 7.103900-8 1.290400+5 1.803100-76325 5 91 4260
 3.065800+5 3.166600-7 5.418400+5 4.684200-7 8.139200+5 5.339700-76325 5 91 4261
 1.098700+6 4.833200-7 1.370700+6 4.028800-7 1.606000+6 3.302100-76325 5 91 4262
 1.783500+6 2.800400-7 1.887600+6 2.532000-7 1.970300+6 2.334400-76325 5 91 4263
 2.211300+6 1.834700-7 2.622300+6 1.210200-7 3.166900+6 7.081200-86325 5 91 4264
 3.796800+6 4.097900-8 4.456000+6 2.689600-8 5.085800+6 2.087400-86325 5 91 4265
 5.630500+6 1.797800-8 6.041500+6 1.627000-8 6.282400+6 1.529900-86325 5 91 4266
 6.340200+6 0.000000+0                                            6325 5 91 4267
 0.000000+0 9.000000+6          0          0          1         226325 5 91 4268
         22          2                                            6325 5 91 4269
 0.000000+0 0.000000+0 2.817200+4 6.455300-8 1.456800+5 1.637200-76325 5 91 4270
 3.461200+5 2.874700-7 6.117300+5 4.354400-7 9.189100+5 5.265400-76325 5 91 4271
 1.240400+6 4.646400-7 1.547600+6 3.658300-7 1.813200+6 2.875600-76325 5 91 4272
 2.013600+6 2.372000-7 2.131100+6 2.114100-7 2.217100+6 1.941700-76325 5 91 4273
 2.458000+6 1.528100-7 2.869000+6 1.016600-7 3.413600+6 6.097000-86325 5 91 4274
 4.043500+6 3.697900-8 4.702700+6 2.573000-8 5.332600+6 2.080000-86325 5 91 4275
 5.877200+6 1.824800-8 6.288200+6 1.662300-8 6.529200+6 1.565500-86325 5 91 4276
 6.586900+6 0.000000+0                                            6325 5 91 4277
 0.000000+0 9.500000+6          0          0          1         226325 5 91 4278
         22          2                                            6325 5 91 4279
 0.000000+0 0.000000+0 3.460900+4 5.867700-8 1.789700+5 1.481400-76325 5 91 4280
 4.252200+5 2.526300-7 7.515200+5 3.702200-7 1.128900+6 4.610200-76325 5 91 4281
 1.523800+6 4.276800-7 1.901200+6 3.068800-7 2.227500+6 2.255500-76325 5 91 4282
 2.473700+6 1.779900-7 2.618100+6 1.548200-7 2.710500+6 1.416000-76325 5 91 4283
 2.951400+6 1.124800-7 3.362400+6 7.701200-8 3.907100+6 4.911700-86325 5 91 4284
 4.536900+6 3.308900-8 5.196100+6 2.553800-8 5.826000+6 2.193100-86325 5 91 4285
 6.370600+6 1.971600-8 6.781600+6 1.808200-8 7.022600+6 1.704800-86325 5 91 4286
 7.080300+6 0.000000+0                                            6325 5 91 4287
 0.000000+0 1.050000+7          0          0          1         226325 5 91 4288
         22          2                                            6325 5 91 4289
 0.000000+0 0.000000+0 4.748400+4 5.847600-8 2.455600+5 1.479900-76325 5 91 4290
 5.834000+5 2.425100-7 1.031100+6 3.023900-7 1.548900+6 3.048100-76325 5 91 4291
 2.090700+6 3.012200-7 2.608500+6 2.333600-7 3.056200+6 1.554200-76325 5 91 4292
 3.394000+6 1.152800-7 3.592100+6 9.736300-8 3.697300+6 8.928600-86325 5 91 4293
 3.938300+6 7.390400-8 4.349300+6 5.570000-8 4.893900+6 4.207700-86325 5 91 4294
 5.523800+6 3.434300-8 6.183000+6 3.028300-8 6.812800+6 2.757700-86325 5 91 4295
 7.357500+6 2.517900-8 7.768500+6 2.308000-8 8.009400+6 2.170500-86325 5 91 4296
 8.067200+6 0.000000+0                                            6325 5 91 4297
 0.000000+0 1.150000+7          0          0          1         226325 5 91 4298
         22          2                                            6325 5 91 4299
 0.000000+0 0.000000+0 6.036000+4 5.676800-8 3.121400+5 1.466200-76325 5 91 4300
 7.415900+5 2.403100-7 1.310700+6 2.614000-7 1.968800+6 2.161500-76325 5 91 4301
 2.657600+6 1.854300-7 3.315700+6 1.750800-7 3.884800+6 1.154500-76325 5 91 4302
 4.314300+6 8.470500-8 4.566100+6 7.256000-8 4.684200+6 6.795900-86325 5 91 4303
 4.925100+6 6.039100-8 5.336100+6 5.164600-8 5.880800+6 4.508900-86325 5 91 4304
 6.510700+6 4.098100-8 7.169800+6 3.793600-8 7.799700+6 3.489200-86325 5 91 4305
 8.344300+6 3.172500-8 8.755300+6 2.891700-8 8.996300+6 2.709700-86325 5 91 4306
 9.054100+6 0.000000+0                                            6325 5 91 4307
 0.000000+0 1.250000+7          0          0          1         226325 5 91 4308
         22          2                                            6325 5 91 4309
 0.000000+0 0.000000+0 7.323500+4 5.337500-8 3.787200+5 1.389900-76325 5 91 4310
 8.997800+5 2.215500-7 1.590300+6 2.179000-7 2.388800+6 1.636400-76325 5 91 4311
 3.224500+6 1.221800-7 4.023000+6 1.173300-7 4.713500+6 9.482200-86325 5 91 4312
 5.234600+6 7.414500-8 5.540000+6 6.681100-8 5.671000+6 6.442200-86325 5 91 4313
 5.912000+6 6.087800-8 6.323000+6 5.673000-8 6.867600+6 5.323300-86325 5 91 4314
 7.497500+6 5.014600-8 8.156700+6 4.670800-8 8.786600+6 4.273600-86325 5 91 4315
 9.331200+6 3.860300-8 9.742200+6 3.501000-8 9.983100+6 3.271300-86325 5 91 4316
 1.004100+7 0.000000+0                                            6325 5 91 4317
 0.000000+0 1.350000+7          0          0          1         226325 5 91 4318
         22          2                                            6325 5 91 4319
 0.000000+0 0.000000+0 8.611000+4 5.059400-8 4.453000+5 1.313100-76325 5 91 4320
 1.058000+6 1.944800-7 1.869800+6 1.720100-7 2.808800+6 1.242400-76325 5 91 4321
 3.791400+6 8.531600-8 4.730300+6 7.902200-8 5.542200+6 8.809400-86325 5 91 4322
 6.154800+6 7.535500-8 6.514000+6 7.120100-8 6.657900+6 6.994000-86325 5 91 4323
 6.898900+6 6.818500-8 7.309900+6 6.576900-8 7.854500+6 6.299200-86325 5 91 4324
 8.484400+6 5.955800-8 9.143500+6 5.521800-8 9.773400+6 5.019300-86325 5 91 4325
 1.031800+7 4.507900-8 1.072900+7 4.072600-8 1.097000+7 3.797700-86325 5 91 4326
 1.102800+7 0.000000+0                                            6325 5 91 4327
 0.000000+0 1.410000+7          0          0          1         226325 5 91 4328
         22          2                                            6325 5 91 4329
 0.000000+0 0.000000+0 9.383500+4 4.915400-8 4.852500+5 1.268600-76325 5 91 4330
 1.152900+6 1.779100-7 2.037600+6 1.469900-7 3.060700+6 1.036400-76325 5 91 4331
 4.131500+6 6.973100-8 5.154700+6 6.491200-8 6.039400+6 8.823400-86325 5 91 4332
 6.707000+6 7.891600-8 7.098400+6 7.583500-8 7.250000+6 7.487300-86325 5 91 4333
 7.491000+6 7.352000-8 7.902000+6 7.137100-8 8.446600+6 6.847800-86325 5 91 4334
 9.076500+6 6.459500-8 9.735600+6 5.968600-8 1.036600+7 5.406400-86325 5 91 4335
 1.091000+7 4.842800-8 1.132100+7 4.369000-8 1.156200+7 4.071400-86325 5 91 4336
 1.162000+7 0.000000+0                                            6325 5 91 4337
 0.000000+0 1.600000+7          0          0          1         326325 5 91 4338
         32          2                                            6325 5 91 4339
 0.000000+0 0.000000+0 2.001500+4 1.630800-8 1.035100+5 3.944500-86325 5 91 4340
 2.459100+5 6.465100-8 4.346200+5 8.967000-8 6.528700+5 1.119800-76325 5 91 4341
 8.812600+5 1.262300-7 1.099500+6 1.302500-7 1.288200+6 1.287200-76325 5 91 4342
 1.430600+6 1.251200-7 1.514100+6 1.225600-7 1.632400+6 1.182700-76325 5 91 4343
 2.042400+6 1.024100-7 2.741700+6 7.818300-8 3.668300+6 5.503700-86325 5 91 4344
 4.740000+6 3.977000-8 5.861400+6 3.619800-8 6.933100+6 4.972200-86325 5 91 4345
 7.859700+6 9.051900-8 8.559000+6 8.709600-8 8.969000+6 8.510300-86325 5 91 4346
 9.149600+6 8.415600-8 9.492900+6 8.228900-8 1.007900+7 7.861300-86325 5 91 4347
 1.085500+7 7.274000-8 1.175200+7 6.449800-8 1.269100+7 5.421000-86325 5 91 4348
 1.358900+7 4.250700-8 1.436500+7 3.041900-8 1.495100+7 1.955900-86325 5 91 4349
 1.529400+7 1.218300-8 1.537600+7 0.000000+0                      6325 5 91 4350
 0.000000+0 1.650000+7          0          0          1         326325 5 91 4351
         32          2                                            6325 5 91 4352
 0.000000+0 0.000000+0 2.645300+4 1.785900-8 1.368000+5 4.381800-86325 5 91 4353
 3.250100+5 7.212400-8 5.744100+5 9.951900-8 8.628500+5 1.190300-76325 5 91 4354
 1.164700+6 1.233500-7 1.453100+6 1.177300-7 1.702600+6 1.091000-76325 5 91 4355
 1.890800+6 1.019100-7 2.001100+6 9.768800-8 2.125800+6 9.308000-86325 5 91 4356
 2.535800+6 7.901900-8 3.235100+6 5.957500-8 4.161700+6 4.185300-86325 5 91 4357
 5.233400+6 3.271700-8 6.354900+6 3.389400-8 7.426500+6 5.022800-86325 5 91 4358
 8.353200+6 9.328000-8 9.052400+6 9.004700-8 9.462400+6 8.797400-86325 5 91 4359
 9.643000+6 8.696600-8 9.986400+6 8.495500-8 1.057200+7 8.100200-86325 5 91 4360
 1.134800+7 7.479900-8 1.224600+7 6.628300-8 1.318500+7 5.574300-86325 5 91 4361
 1.408200+7 4.374700-8 1.485900+7 3.130300-8 1.544400+7 2.011400-86325 5 91 4362
 1.578800+7 1.252600-8 1.587000+7 0.000000+0                      6325 5 91 4363
 0.000000+0 1.700000+7          0          0          1         326325 5 91 4364
         32          2                                            6325 5 91 4365
 0.000000+0 0.000000+0 3.289100+4 1.912800-8 1.700900+5 4.746600-86325 5 91 4366
 4.041000+5 7.791600-8 7.142000+5 1.056400-7 1.072800+6 1.173000-76325 5 91 4367
 1.448100+6 1.119200-7 1.806800+6 9.961400-8 2.116900+6 8.824400-86325 5 91 4368
 2.350900+6 8.016700-8 2.488100+6 7.569100-8 2.619300+6 7.165400-86325 5 91 4369
 3.029200+6 6.030300-8 3.728500+6 4.500000-8 4.655100+6 3.244500-86325 5 91 4370
 5.726800+6 2.815900-8 6.848300+6 3.275400-8 7.920000+6 5.107300-86325 5 91 4371
 8.846600+6 9.587700-8 9.545900+6 9.263500-8 9.955800+6 9.042700-86325 5 91 4372
 1.013600+7 8.934900-8 1.048000+7 8.718800-8 1.106500+7 8.300000-86325 5 91 4373
 1.184200+7 7.655800-8 1.273900+7 6.785400-8 1.367800+7 5.711300-86325 5 91 4374
 1.457600+7 4.484500-8 1.535200+7 3.206200-8 1.593800+7 2.058700-86325 5 91 4375
 1.628100+7 1.279300-8 1.636300+7 0.000000+0                      6325 5 91 4376
 0.000000+0 1.750000+7          0          0          1         326325 5 91 4377
         32          2                                            6325 5 91 4378
 0.000000+0 0.000000+0 3.932800+4 2.012100-8 2.033800+5 5.040500-86325 5 91 4379
 4.832000+5 8.251000-8 8.539900+5 1.079100-7 1.282800+6 1.104600-76325 5 91 4380
 1.731600+6 9.736300-8 2.160400+6 8.223500-8 2.531200+6 7.029900-86325 5 91 4381
 2.811000+6 6.224900-8 2.975100+6 5.793800-8 3.112700+6 5.456700-86325 5 91 4382
 3.522700+6 4.559200-8 4.221900+6 3.398500-8 5.148600+6 2.597200-86325 5 91 4383
 6.220200+6 2.533700-8 7.341700+6 3.232100-8 8.413400+6 5.204300-86325 5 91 4384
 9.340000+6 9.821100-8 1.003900+7 9.482900-8 1.044900+7 9.246700-86325 5 91 4385
 1.063000+7 9.132300-8 1.097300+7 8.903200-8 1.155900+7 8.467400-86325 5 91 4386
 1.233500+7 7.808000-8 1.323200+7 6.924800-8 1.417200+7 5.833700-86325 5 91 4387
 1.506900+7 4.578400-8 1.584500+7 3.270800-8 1.643100+7 2.093500-86325 5 91 4388
 1.677400+7 1.300700-8 1.685700+7 0.000000+0                      6325 5 91 4389
 0.000000+0 1.800000+7          0          0          1         326325 5 91 4390
         32          2                                            6325 5 91 4391
 0.000000+0 0.000000+0 4.576600+4 2.091000-8 2.366700+5 5.265700-86325 5 91 4392
 5.622900+5 8.598800-8 9.937800+5 1.069300-7 1.492800+6 1.007900-76325 5 91 4393
 2.015000+6 8.316500-8 2.514100+6 6.732400-8 2.945600+6 5.558800-86325 5 91 4394
 3.271200+6 4.799000-8 3.462100+6 4.397500-8 3.606100+6 4.116500-86325 5 91 4395
 4.016100+6 3.428300-8 4.715400+6 2.616300-8 5.642000+6 2.169500-86325 5 91 4396
 6.713700+6 2.368000-8 7.835200+6 3.229200-8 8.906800+6 5.302000-86325 5 91 4397
 9.833400+6 1.002200-7 1.053300+7 9.663700-8 1.094300+7 9.413400-86325 5 91 4398
 1.112300+7 9.294200-8 1.146700+7 9.055800-8 1.205200+7 8.609500-86325 5 91 4399
 1.282800+7 7.941600-8 1.372600+7 7.049000-8 1.466500+7 5.940300-86325 5 91 4400
 1.556300+7 4.657200-8 1.633900+7 3.316700-8 1.692400+7 2.120800-86325 5 91 4401
 1.726800+7 1.312700-8 1.735000+7 0.000000+0                      6325 5 91 4402
 0.000000+0 1.900000+7          0          0          1         326325 5 91 4403
         32          2                                            6325 5 91 4404
 0.000000+0 0.000000+0 5.864100+4 2.218500-8 3.032500+5 5.616400-86325 5 91 4405
 7.204800+5 9.003600-8 1.273400+6 9.811800-8 1.912800+6 8.011300-86325 5 91 4406
 2.581900+6 5.991800-8 3.221300+6 4.456200-8 3.774200+6 3.414700-86325 5 91 4407
 4.191400+6 2.800100-8 4.436100+6 2.512300-8 4.593000+6 2.353000-86325 5 91 4408
 5.002900+6 2.026000-8 5.702200+6 1.723200-8 6.628800+6 1.726900-86325 5 91 4409
 7.700500+6 2.231400-8 8.822000+6 3.277700-8 9.893700+6 5.474100-86325 5 91 4410
 1.082000+7 1.032600-7 1.152000+7 9.932500-8 1.193000+7 9.666400-86325 5 91 4411
 1.211000+7 9.543400-8 1.245300+7 9.297200-8 1.303900+7 8.844400-86325 5 91 4412
 1.381500+7 8.169200-8 1.471300+7 7.257800-8 1.565200+7 6.104800-86325 5 91 4413
 1.655000+7 4.760500-8 1.732600+7 3.365100-8 1.791100+7 2.137900-86325 5 91 4414
 1.825500+7 1.318400-8 1.833700+7 0.000000+0                      6325 5 91 4415
 0.000000+0 2.000000+7          0          0          1         326325 5 91 4416
         32          2                                            6325 5 91 4417
 0.000000+0 0.000000+0 7.151600+4 2.312500-8 3.698300+5 5.885900-86325 5 91 4418
 8.786700+5 9.045900-8 1.552900+6 8.572900-8 2.332700+6 6.260800-86325 5 91 4419
 3.148800+6 4.280700-8 3.928600+6 2.897500-8 4.602900+6 2.098900-86325 5 91 4420
 5.111700+6 1.710200-8 5.410000+6 1.553600-8 5.579800+6 1.486200-86325 5 91 4421
 5.989800+6 1.377600-8 6.689100+6 1.345600-8 7.615700+6 1.566100-86325 5 91 4422
 8.687400+6 2.211500-8 9.808900+6 3.344100-8 1.088100+7 5.599000-86325 5 91 4423
 1.180700+7 1.053600-7 1.250600+7 1.013200-7 1.291600+7 9.865100-86325 5 91 4424
 1.309700+7 9.742900-8 1.344000+7 9.497000-8 1.402600+7 9.044000-86325 5 91 4425
 1.480200+7 8.357900-8 1.570000+7 7.410300-8 1.663900+7 6.195700-86325 5 91 4426
 1.753600+7 4.786600-8 1.831200+7 3.354700-8 1.889800+7 2.118100-86325 5 91 4427
 1.924200+7 1.303200-8 1.932400+7 0.000000+0                      6325 5 91 4428
                                                                  6325 5  0 4429
                                                                  6325 0  0 4430
                                                                     0 0  0 4431
                                                                    -1 0  0    0
